run_id,prompt_id,source,category,model,temperature,run,instruction_version,run_timestamp,instructional_stability_score,verbosity_score,confidence_score,format_score,latency_score,overall_quality_score
run_20260206_150046,SQUAD_001,squad_v1,factual,gpt-4o-mini,0.2,1,v1_concise,2026-02-06T15:00:48.135147+00:00,0.5,1.0,1.0,1.0,0.5631134999604828,0.7594670249940725
run_20260206_150046,SQUAD_002,squad_v1,factual,gpt-4o-mini,0.2,1,v1_concise,2026-02-06T15:00:49.745019+00:00,0.5,1.0,0.6,1.0,0.6781098591342918,0.6967164788701438
run_20260206_150046,SQUAD_003,squad_v1,factual,gpt-4o-mini,0.2,1,v1_concise,2026-02-06T15:00:51.320968+00:00,0.5,1.0,1.0,1.0,0.47645626077846315,0.7464684391167695
run_20260206_150046,SQUAD_004,squad_v1,factual,gpt-4o-mini,0.2,1,v1_concise,2026-02-06T15:00:54.061750+00:00,0.5,1.0,1.0,1.0,0.7006476462809144,0.7800971469421372
run_20260206_150046,SQUAD_005,squad_v1,factual,gpt-4o-mini,0.2,1,v1_concise,2026-02-06T15:00:55.237960+00:00,0.5,1.0,1.0,1.0,0.7272286923167641,0.7840843038475147
run_20260206_150046,SQUAD_006,squad_v1,factual,gpt-4o-mini,0.2,1,v1_concise,2026-02-06T15:00:57.140568+00:00,0.5,1.0,1.0,1.0,0.6686993397238029,0.7753049009585705
run_20260206_150046,SQUAD_007,squad_v1,factual,gpt-4o-mini,0.2,1,v1_concise,2026-02-06T15:00:59.357482+00:00,0.5,1.0,1.0,1.0,0.5207671027251118,0.7531150654087668
run_20260206_150046,SQUAD_008,squad_v1,factual,gpt-4o-mini,0.2,1,v1_concise,2026-02-06T15:01:01.902453+00:00,0.5,1.0,1.0,1.0,0.7466106213056442,0.7869915931958467
run_20260206_150046,SQUAD_009,squad_v1,factual,gpt-4o-mini,0.2,1,v1_concise,2026-02-06T15:01:03.082368+00:00,0.5,1.0,1.0,1.0,0.594048301130397,0.7641072451695596
run_20260206_150046,SQUAD_010,squad_v1,factual,gpt-4o-mini,0.2,1,v1_concise,2026-02-06T15:01:05.633908+00:00,0.5,0.7366666666666668,1.0,1.0,0.2746954248388048,0.6767043137258207
run_20260206_150046,SQUAD_011,squad_v1,factual,gpt-4o-mini,0.2,1,v1_concise,2026-02-06T15:01:08.809565+00:00,0.5,1.0,1.0,1.0,0.638900063972989,0.7708350095959484
run_20260206_150046,SQUAD_012,squad_v1,factual,gpt-4o-mini,0.2,1,v1_concise,2026-02-06T15:01:10.138116+00:00,0.5,1.0,1.0,1.0,0.5144564237744037,0.7521684635661606
run_20260206_150046,SQUAD_013,squad_v1,factual,gpt-4o-mini,0.2,1,v1_concise,2026-02-06T15:01:12.596359+00:00,0.5,0.8392405063291141,1.0,1.0,0.4175060622625042,0.7135119852887427
run_20260206_150046,SQUAD_014,squad_v1,factual,gpt-4o-mini,0.2,1,v1_concise,2026-02-06T15:01:14.953259+00:00,0.5,1.0,1.0,1.0,0.7224090955624971,0.7833613643343746
run_20260206_150046,SQUAD_015,squad_v1,factual,gpt-4o-mini,0.2,1,v1_concise,2026-02-06T15:01:15.974858+00:00,0.5,1.0,1.0,1.0,0.597993269706997,0.7646989904560496
run_20260206_150046,SQUAD_016,squad_v1,factual,gpt-4o-mini,0.2,1,v1_concise,2026-02-06T15:01:18.434979+00:00,0.5,1.0,1.0,1.0,0.6406585917760184,0.7710987887664028
run_20260206_150046,SQUAD_017,squad_v1,factual,gpt-4o-mini,0.2,1,v1_concise,2026-02-06T15:01:20.277483+00:00,0.5,0.8392405063291141,1.0,1.0,0.34915863557226257,0.7032598712852065
run_20260206_150046,SQUAD_018,squad_v1,factual,gpt-4o-mini,0.2,1,v1_concise,2026-02-06T15:01:23.348642+00:00,0.5,1.0,1.0,1.0,0.7193214441388469,0.782898216620827
run_20260206_150046,SQUAD_019,squad_v1,factual,gpt-4o-mini,0.2,1,v1_concise,2026-02-06T15:01:24.381381+00:00,0.5,1.0,1.0,1.0,0.5975208797216387,0.7646281319582459
run_20260206_150046,SQUAD_020,squad_v1,factual,gpt-4o-mini,0.2,1,v1_concise,2026-02-06T15:01:26.829975+00:00,0.5,1.0,1.0,1.0,0.5009924014975138,0.7501488602246271
run_20260206_150046,SQUAD_021,squad_v1,factual,gpt-4o-mini,0.2,1,v1_concise,2026-02-06T15:01:29.185535+00:00,0.5,1.0,1.0,1.0,0.6538797410244768,0.7730819611536716
run_20260206_150046,SQUAD_022,squad_v1,factual,gpt-4o-mini,0.2,1,v1_concise,2026-02-06T15:01:30.622999+00:00,0.5,1.0,1.0,1.0,0.6775423557659359,0.7766313533648904
run_20260206_150046,SQUAD_023,squad_v1,factual,gpt-4o-mini,0.2,1,v1_concise,2026-02-06T15:01:32.536332+00:00,0.5,1.0,1.0,1.0,0.6011666333953526,0.765174995009303
run_20260206_150046,SQUAD_024,squad_v1,factual,gpt-4o-mini,0.2,1,v1_concise,2026-02-06T15:01:34.818175+00:00,0.5,1.0,1.0,1.0,0.727713271338253,0.784156990700738
run_20260206_150046,SQUAD_025,squad_v1,factual,gpt-4o-mini,0.2,1,v1_concise,2026-02-06T15:01:36.352655+00:00,0.5,1.0,1.0,1.0,0.686878314583073,0.778031747187461
run_20260206_150046,SQUAD_026,squad_v1,factual,gpt-4o-mini,0.2,1,v1_concise,2026-02-06T15:01:38.503187+00:00,0.5,1.0,1.0,1.0,0.5597325984814145,0.7589598897722122
run_20260206_150046,SQUAD_027,squad_v1,factual,gpt-4o-mini,0.2,1,v1_concise,2026-02-06T15:01:40.971541+00:00,0.5,0.6621392190152801,1.0,1.0,0.5773043907696058,0.7109165414677329
run_20260206_150046,SQUAD_028,squad_v1,factual,gpt-4o-mini,0.2,1,v1_concise,2026-02-06T15:01:42.907905+00:00,0.5,1.0,1.0,1.0,0.6481717710092463,0.772225765651387
run_20260206_150046,SQUAD_029,squad_v1,factual,gpt-4o-mini,0.2,1,v1_concise,2026-02-06T15:01:44.647206+00:00,0.5,1.0,1.0,1.0,0.5796431296595103,0.7619464694489266
run_20260206_150046,SQUAD_030,squad_v1,factual,gpt-4o-mini,0.2,1,v1_concise,2026-02-06T15:01:46.899743+00:00,0.5,1.0,1.0,1.0,0.7050661718782467,0.780759925781737
run_20260206_150046,SQUAD_031,squad_v1,factual,gpt-4o-mini,0.2,1,v1_concise,2026-02-06T15:01:48.439104+00:00,0.5,1.0,1.0,1.0,0.6372098725746492,0.7705814808861974
run_20260206_150046,SQUAD_032,squad_v1,factual,gpt-4o-mini,0.2,1,v1_concise,2026-02-06T15:01:50.689843+00:00,0.5,1.0,1.0,1.0,0.6799256365059557,0.7769888454758934
run_20260206_150046,SQUAD_033,squad_v1,factual,gpt-4o-mini,0.2,1,v1_concise,2026-02-06T15:01:52.532736+00:00,0.5,1.0,1.0,1.0,0.6389658069657358,0.7708448710448604
run_20260206_150046,SQUAD_034,squad_v1,factual,gpt-4o-mini,0.2,1,v1_concise,2026-02-06T15:01:54.683401+00:00,0.5,1.0,1.0,1.0,0.6539460026996121,0.7730919004049419
run_20260206_150046,SQUAD_035,squad_v1,factual,gpt-4o-mini,0.2,1,v1_concise,2026-02-06T15:01:56.629981+00:00,0.5,1.0,1.0,1.0,0.669016967851482,0.7753525451777223
run_20260206_150046,SQUAD_036,squad_v1,factual,gpt-4o-mini,0.2,1,v1_concise,2026-02-06T15:01:58.573821+00:00,0.5,0.8695081967213116,1.0,1.0,0.5445493385924269,0.7371086302970608
run_20260206_150046,SQUAD_037,squad_v1,factual,gpt-4o-mini,0.2,1,v1_concise,2026-02-06T15:02:01.033269+00:00,0.5,1.0,1.0,1.0,0.2808670969093854,0.7171300645364078
run_20260206_150046,SQUAD_038,squad_v1,factual,gpt-4o-mini,0.2,1,v1_concise,2026-02-06T15:02:04.003056+00:00,0.5,1.0,1.0,1.0,0.7219055846338267,0.7832858376950741
run_20260206_150046,SQUAD_039,squad_v1,factual,gpt-4o-mini,0.2,1,v1_concise,2026-02-06T15:02:05.026362+00:00,0.5,1.0,1.0,1.0,0.6816246455049007,0.7772436968257351
run_20260206_150046,SQUAD_040,squad_v1,factual,gpt-4o-mini,0.2,1,v1_concise,2026-02-06T15:02:07.176061+00:00,0.5,1.0,1.0,1.0,0.6130386897512314,0.7669558034626848
run_20260206_150046,SQUAD_041,squad_v1,factual,gpt-4o-mini,0.2,1,v1_concise,2026-02-06T15:02:09.429257+00:00,0.5,1.0,1.0,1.0,0.7115163763914708,0.7817274564587207
run_20260206_150046,SQUAD_042,squad_v1,factual,gpt-4o-mini,0.2,1,v1_concise,2026-02-06T15:02:11.068196+00:00,0.5,1.0,1.0,1.0,0.6708315133524732,0.775624727002871
run_20260206_150046,SQUAD_043,squad_v1,factual,gpt-4o-mini,0.2,1,v1_concise,2026-02-06T15:02:13.219187+00:00,0.5,0.8989830508474578,1.0,1.0,0.5742227041934238,0.7459808632561323
run_20260206_150046,SQUAD_044,squad_v1,factual,gpt-4o-mini,0.2,1,v1_concise,2026-02-06T15:02:15.573122+00:00,0.5,0.4584040747028862,1.0,1.0,0.8094109991916983,0.7151722610841876
run_20260206_150046,SQUAD_045,squad_v1,factual,gpt-4o-mini,0.2,1,v1_concise,2026-02-06T15:02:16.709006+00:00,0.5,1.0,1.0,1.0,0.6598449775044206,0.7739767466256632
run_20260206_150046,SQUAD_046,squad_v1,factual,gpt-4o-mini,0.2,1,v1_concise,2026-02-06T15:02:19.260039+00:00,0.5,1.0,1.0,1.0,0.7306108905018038,0.7845916335752706
run_20260206_150046,SQUAD_047,squad_v1,factual,gpt-4o-mini,0.2,1,v1_concise,2026-02-06T15:02:21.000108+00:00,0.5,1.0,1.0,1.0,0.5784423150947532,0.761766347264213
run_20260206_150046,SQUAD_048,squad_v1,factual,gpt-4o-mini,0.2,1,v1_concise,2026-02-06T15:02:23.560099+00:00,0.5,1.0,1.0,1.0,0.6769230489940252,0.7765384573491039
run_20260206_150046,SQUAD_049,squad_v1,factual,gpt-4o-mini,0.2,1,v1_concise,2026-02-06T15:02:25.198613+00:00,0.5,1.0,1.0,1.0,0.5526199068874343,0.7578929860331152
run_20260206_150046,SQUAD_050,squad_v1,factual,gpt-4o-mini,0.2,1,v1_concise,2026-02-06T15:02:27.656179+00:00,0.5,1.0,1.0,1.0,0.6232820185718119,0.7684923027857719
run_20260206_150046,SQUAD_051,squad_v1,factual,gpt-4o-mini,0.2,1,v1_concise,2026-02-06T15:02:29.396929+00:00,0.5,0.855483870967742,1.0,1.0,0.47110306951699055,0.72398804107271
run_20260206_150046,SQUAD_052,squad_v1,factual,gpt-4o-mini,0.2,1,v1_concise,2026-02-06T15:02:31.956656+00:00,0.5,1.0,1.0,1.0,0.6806481610731849,0.7770972241609778
run_20260206_150046,SQUAD_053,squad_v1,factual,gpt-4o-mini,0.2,1,v1_concise,2026-02-06T15:02:33.186575+00:00,0.5,0.6646616541353385,1.0,1.0,0.47310745277218547,0.6956653660361286
run_20260206_150046,SQUAD_054,squad_v1,factual,gpt-4o-mini,0.2,1,v1_concise,2026-02-06T15:02:35.950486+00:00,0.5,1.0,1.0,1.0,0.6551616645477409,0.7732742496821612
run_20260206_150046,SQUAD_055,squad_v1,factual,gpt-4o-mini,0.2,1,v1_concise,2026-02-06T15:02:37.281656+00:00,0.5,0.9176470588235296,1.0,1.0,0.6140853908112951,0.7547598674452237
run_20260206_150046,SQUAD_056,squad_v1,factual,gpt-4o-mini,0.2,1,v1_concise,2026-02-06T15:02:39.433112+00:00,0.5,1.0,1.0,1.0,0.5542590729058019,0.7581388609358704
run_20260206_150046,SQUAD_057,squad_v1,factual,gpt-4o-mini,0.2,1,v1_concise,2026-02-06T15:02:41.653283+00:00,0.5,1.0,1.0,1.0,0.6160465289223458,0.7674069793383519
run_20260206_150046,SQUAD_058,squad_v1,factual,gpt-4o-mini,0.2,1,v1_concise,2026-02-06T15:02:43.426902+00:00,0.5,1.0,1.0,1.0,0.6310691269414849,0.7696603690412228
run_20260206_150046,SQUAD_059,squad_v1,factual,gpt-4o-mini,0.2,1,v1_concise,2026-02-06T15:02:45.371014+00:00,0.5,1.0,0.6,1.0,0.5740158147556971,0.6811023722133546
run_20260206_150046,SQUAD_060,squad_v1,factual,gpt-4o-mini,0.2,1,v1_concise,2026-02-06T15:02:47.581755+00:00,0.5,1.0,1.0,1.0,0.577302899557739,0.7615954349336609
run_20260206_150046,SQUAD_061,squad_v1,explanatory,gpt-4o-mini,0.2,1,v1_concise,2026-02-06T15:02:49.570019+00:00,0.5,0.8339622641509435,1.0,1.0,0.5361527135809268,0.7305172466597806
run_20260206_150046,SQUAD_062,squad_v1,explanatory,gpt-4o-mini,0.2,1,v1_concise,2026-02-06T15:02:51.722032+00:00,0.5,0.6817480719794345,1.0,1.0,0.5238118331811108,0.7058339857740817
run_20260206_150046,SQUAD_063,squad_v1,explanatory,gpt-4o-mini,0.2,1,v1_concise,2026-02-06T15:02:53.767723+00:00,0.5,1.0,1.0,1.0,0.7184796874575531,0.782771953118633
run_20260206_150046,SQUAD_064,squad_v1,explanatory,gpt-4o-mini,0.2,1,v1_concise,2026-02-06T15:02:55.052084+00:00,0.5,1.0,1.0,1.0,0.720641555652967,0.7830962333479451
run_20260206_150046,SQUAD_065,squad_v1,explanatory,gpt-4o-mini,0.2,1,v1_concise,2026-02-06T15:02:57.044838+00:00,0.5,1.0,1.0,1.0,0.5962862211310297,0.7644429331696545
run_20260206_150046,SQUAD_066,squad_v1,explanatory,gpt-4o-mini,0.2,1,v1_concise,2026-02-06T15:02:59.502711+00:00,0.5,1.0,1.0,1.0,0.6389641860832718,0.7708446279124908
run_20260206_150046,SQUAD_067,squad_v1,explanatory,gpt-4o-mini,0.2,1,v1_concise,2026-02-06T15:03:01.346519+00:00,0.5,0.9371024734982334,1.0,1.0,0.5982601966311967,0.7553044005194145
run_20260206_150046,SQUAD_068,squad_v1,explanatory,gpt-4o-mini,0.2,1,v1_concise,2026-02-06T15:03:03.496063+00:00,0.5,1.0,1.0,1.0,0.677925856556959,0.776688878483544
run_20260206_150046,SQUAD_069,squad_v1,explanatory,gpt-4o-mini,0.2,1,v1_concise,2026-02-06T15:03:05.204045+00:00,0.5,1.0,1.0,1.0,0.6001688181504083,0.7650253227225613
run_20260206_150046,SQUAD_070,squad_v1,explanatory,gpt-4o-mini,0.2,1,v1_concise,2026-02-06T15:03:07.490361+00:00,0.5,1.0,1.0,1.0,0.5038714777656744,0.7505807216648512
run_20260206_150046,SQUAD_071,squad_v1,explanatory,gpt-4o-mini,0.2,1,v1_concise,2026-02-06T15:03:09.845579+00:00,0.5,1.0,1.0,1.0,0.6021168595311487,0.7653175289296723
run_20260206_150046,SQUAD_072,squad_v1,explanatory,gpt-4o-mini,0.2,1,v1_concise,2026-02-06T15:03:11.484082+00:00,0.5,1.0,1.0,1.0,0.64460077243478,0.7716901158652171
run_20260206_150046,SQUAD_073,squad_v1,explanatory,gpt-4o-mini,0.2,1,v1_concise,2026-02-06T15:03:13.328471+00:00,0.5,1.0,1.0,1.0,0.5483069979914672,0.7572460496987201
run_20260206_150046,SQUAD_074,squad_v1,explanatory,gpt-4o-mini,0.2,1,v1_concise,2026-02-06T15:03:15.682845+00:00,0.5,1.0,1.0,1.0,0.6202853959073495,0.7680428093861025
run_20260206_150046,SQUAD_075,squad_v1,explanatory,gpt-4o-mini,0.2,1,v1_concise,2026-02-06T15:03:17.418409+00:00,0.5,1.0,1.0,1.0,0.6340617946527347,0.7701092691979102
run_20260206_150046,SQUAD_076,squad_v1,explanatory,gpt-4o-mini,0.2,1,v1_concise,2026-02-06T15:03:19.368328+00:00,0.5,1.0,1.0,1.0,0.7072737489591503,0.7810910623438726
run_20260206_150046,SQUAD_077,squad_v1,explanatory,gpt-4o-mini,0.2,1,v1_concise,2026-02-06T15:03:21.100006+00:00,0.5,1.0,1.0,1.0,0.607435947425575,0.7661153921138363
run_20260206_150046,SQUAD_078,squad_v1,explanatory,gpt-4o-mini,0.2,1,v1_concise,2026-02-06T15:03:23.468010+00:00,0.5,1.0,1.0,1.0,0.5953048092166229,0.7642957213824935
run_20260206_150046,SQUAD_079,squad_v1,explanatory,gpt-4o-mini,0.2,1,v1_concise,2026-02-06T15:03:25.512819+00:00,0.5,1.0,1.0,1.0,0.5549555985183059,0.7582433397777459
run_20260206_150046,SQUAD_080,squad_v1,explanatory,gpt-4o-mini,0.2,1,v1_concise,2026-02-06T15:03:27.661301+00:00,0.5,1.0,1.0,1.0,0.7087425926481828,0.7813113888972275
run_20260206_150046,SQUAD_081,squad_v1,explanatory,gpt-4o-mini,0.2,1,v1_concise,2026-02-06T15:03:29.096089+00:00,0.5,0.8500000000000002,1.0,1.0,0.6476931568352257,0.749653973525284
run_20260206_150046,SQUAD_082,squad_v1,explanatory,gpt-4o-mini,0.2,1,v1_concise,2026-02-06T15:03:31.321366+00:00,0.5,1.0,1.0,1.0,0.6032703443279519,0.7654905516491928
run_20260206_150046,SQUAD_083,squad_v1,explanatory,gpt-4o-mini,0.2,1,v1_concise,2026-02-06T15:03:33.485133+00:00,0.5,1.0,1.0,1.0,0.6257694896366286,0.7688654234454944
run_20260206_150046,SQUAD_084,squad_v1,explanatory,gpt-4o-mini,0.2,1,v1_concise,2026-02-06T15:03:35.402649+00:00,0.5,1.0,1.0,1.0,0.6842285607659434,0.7776342841148915
run_20260206_150046,SQUAD_085,squad_v1,explanatory,gpt-4o-mini,0.2,1,v1_concise,2026-02-06T15:03:37.188451+00:00,0.5,1.0,1.0,1.0,0.5475451832333065,0.757131777484996
run_20260206_150046,SQUAD_086,squad_v1,explanatory,gpt-4o-mini,0.2,1,v1_concise,2026-02-06T15:03:39.691813+00:00,0.5,0.9714285714285716,1.0,1.0,0.5763323799734914,0.7571641427103094
run_20260206_150046,SQUAD_087,squad_v1,explanatory,gpt-4o-mini,0.2,1,v1_concise,2026-02-06T15:03:41.589040+00:00,0.5,1.0,1.0,1.0,0.7302940403977074,0.7845441060596562
run_20260206_150046,SQUAD_088,squad_v1,explanatory,gpt-4o-mini,0.2,1,v1_concise,2026-02-06T15:03:43.024136+00:00,0.5,1.0,1.0,1.0,0.6887410975461978,0.7783111646319297
run_20260206_150046,SQUAD_089,squad_v1,explanatory,gpt-4o-mini,0.2,1,v1_concise,2026-02-06T15:03:45.207990+00:00,0.5,1.0,1.0,1.0,0.5098538307644398,0.751478074614666
run_20260206_150046,SQUAD_090,squad_v1,explanatory,gpt-4o-mini,0.2,1,v1_concise,2026-02-06T15:03:47.835508+00:00,0.5,1.0,1.0,1.0,0.6634808113774537,0.774522121706618
run_20260206_150046,SQUAD_091,squad_v1,explanatory,gpt-4o-mini,0.2,1,v1_concise,2026-02-06T15:03:49.272280+00:00,0.5,1.0,1.0,1.0,0.5953590115262248,0.7643038517289338
run_20260206_150046,SQUAD_092,squad_v1,explanatory,gpt-4o-mini,0.2,1,v1_concise,2026-02-06T15:03:51.522041+00:00,0.5,1.0,1.0,1.0,0.6097745566448822,0.7664661834967323
run_20260206_150046,SQUAD_093,squad_v1,explanatory,gpt-4o-mini,0.2,1,v1_concise,2026-02-06T15:03:53.469743+00:00,0.5,1.0,1.0,1.0,0.6251954379031175,0.7687793156854676
run_20260206_150046,SQUAD_094,squad_v1,explanatory,gpt-4o-mini,0.2,1,v1_concise,2026-02-06T15:03:55.413276+00:00,0.5,1.0,1.0,1.0,0.6392278712425432,0.7708841806863815
run_20260206_150046,SQUAD_095,squad_v1,explanatory,gpt-4o-mini,0.2,1,v1_concise,2026-02-06T15:03:57.362292+00:00,0.5,0.9051194539249149,1.0,1.0,0.6263495062176079,0.7547203440213784
run_20260206_150046,SQUAD_096,squad_v1,explanatory,gpt-4o-mini,0.2,1,v1_concise,2026-02-06T15:03:59.410221+00:00,0.5,1.0,1.0,1.0,0.6661748477035045,0.7749262271555257
run_20260206_150046,SQUAD_097,squad_v1,explanatory,gpt-4o-mini,0.2,1,v1_concise,2026-02-06T15:04:01.264340+00:00,0.5,1.0,1.0,1.0,0.628348313637126,0.7692522470455689
run_20260206_150046,SQUAD_098,squad_v1,explanatory,gpt-4o-mini,0.2,1,v1_concise,2026-02-06T15:04:03.403713+00:00,0.5,1.0,0.7,1.0,0.5045514703770437,0.6906827205565566
run_20260206_150046,SQUAD_099,squad_v1,explanatory,gpt-4o-mini,0.2,1,v1_concise,2026-02-06T15:04:05.859788+00:00,0.5,1.0,0.7,1.0,0.491330385963884,0.6886995578945826
run_20260206_150046,SQUAD_100,squad_v1,explanatory,gpt-4o-mini,0.2,1,v1_concise,2026-02-06T15:04:07.908328+00:00,0.5,1.0,1.0,1.0,0.6178737173065576,0.7676810575959837
run_20260206_150046,SQUAD_101,squad_v1,explanatory,gpt-4o-mini,0.2,1,v1_concise,2026-02-06T15:04:09.465193+00:00,0.5,1.0,1.0,1.0,0.7441614030669819,0.7866242104600474
run_20260206_150046,SQUAD_102,squad_v1,explanatory,gpt-4o-mini,0.2,1,v1_concise,2026-02-06T15:04:10.979361+00:00,0.5,0.8752475247524754,1.0,1.0,0.564371628929173,0.7409428730522473
run_20260206_150046,SQUAD_103,squad_v1,explanatory,gpt-4o-mini,0.2,1,v1_concise,2026-02-06T15:04:13.641330+00:00,0.5,0.730050933786078,1.0,1.0,0.8014216695257952,0.754720890496781
run_20260206_150046,SQUAD_104,squad_v1,explanatory,gpt-4o-mini,0.2,1,v1_concise,2026-02-06T15:04:14.770139+00:00,0.5,1.0,1.0,1.0,0.6822462215122613,0.7773369332268393
run_20260206_150046,SQUAD_105,squad_v1,explanatory,gpt-4o-mini,0.2,1,v1_concise,2026-02-06T15:04:17.209536+00:00,0.5,1.0,1.0,1.0,0.7208671824919797,0.783130077373797
run_20260206_150046,SQUAD_106,squad_v1,explanatory,gpt-4o-mini,0.2,1,v1_concise,2026-02-06T15:04:19.066882+00:00,0.5,1.0,1.0,1.0,0.6245819014727791,0.7686872852209169
run_20260206_150046,SQUAD_107,squad_v1,explanatory,gpt-4o-mini,0.2,1,v1_concise,2026-02-06T15:04:21.421912+00:00,0.5,0.899830220713073,1.0,1.0,0.7501805176800348,0.7725016107589662
run_20260206_150046,SQUAD_108,squad_v1,explanatory,gpt-4o-mini,0.2,1,v1_concise,2026-02-06T15:04:22.960725+00:00,0.5,1.0,1.0,1.0,0.7372612415817037,0.7855891862372556
run_20260206_150046,SQUAD_109,squad_v1,explanatory,gpt-4o-mini,0.2,1,v1_concise,2026-02-06T15:04:25.008388+00:00,0.5,1.0,1.0,1.0,0.7379203572269346,0.7856880535840403
run_20260206_150046,SQUAD_110,squad_v1,explanatory,gpt-4o-mini,0.2,1,v1_concise,2026-02-06T15:04:27.006780+00:00,0.5,1.0,1.0,1.0,0.7116903943328243,0.7817535591499237
run_20260206_150046,SQUAD_111,squad_v1,explanatory,gpt-4o-mini,0.2,1,v1_concise,2026-02-06T15:04:29.104908+00:00,0.5,1.0,1.0,1.0,0.7426987835666118,0.7864048175349918
run_20260206_150046,SQUAD_112,squad_v1,explanatory,gpt-4o-mini,0.2,1,v1_concise,2026-02-06T15:04:30.991390+00:00,0.5,0.9471428571428573,1.0,1.0,0.630277682451879,0.7616130809392105
run_20260206_150046,SQUAD_113,squad_v1,explanatory,gpt-4o-mini,0.2,1,v1_concise,2026-02-06T15:04:33.404573+00:00,0.5,0.9895522388059703,1.0,1.0,0.6457562022905403,0.7702962661644766
run_20260206_150046,SQUAD_114,squad_v1,explanatory,gpt-4o-mini,0.2,1,v1_concise,2026-02-06T15:04:35.349074+00:00,0.5,1.0,1.0,1.0,0.7437475593562295,0.7865621339034344
run_20260206_150046,SQUAD_115,squad_v1,explanatory,gpt-4o-mini,0.2,1,v1_concise,2026-02-06T15:04:36.988977+00:00,0.5,1.0,1.0,1.0,0.5347816415221331,0.75521724622832
run_20260206_150046,SQUAD_116,squad_v1,explanatory,gpt-4o-mini,0.2,1,v1_concise,2026-02-06T15:04:39.758845+00:00,0.5,1.0,1.0,1.0,0.6622185977849538,0.7743327896677431
run_20260206_150046,SQUAD_117,squad_v1,explanatory,gpt-4o-mini,0.2,1,v1_concise,2026-02-06T15:04:41.289715+00:00,0.5,1.0,1.0,1.0,0.7047796646938798,0.780716949704082
run_20260206_150046,SQUAD_118,squad_v1,explanatory,gpt-4o-mini,0.2,1,v1_concise,2026-02-06T15:04:43.133136+00:00,0.5,1.0,1.0,1.0,0.6919260667529971,0.7787889100129496
run_20260206_150046,SQUAD_119,squad_v1,explanatory,gpt-4o-mini,0.2,1,v1_concise,2026-02-06T15:04:45.181131+00:00,0.5,1.0,1.0,1.0,0.7348795168888496,0.7852319275333275
run_20260206_150046,SQUAD_120,squad_v1,explanatory,gpt-4o-mini,0.2,1,v1_concise,2026-02-06T15:04:47.023436+00:00,0.5,1.0,1.0,1.0,0.6936082185743145,0.7790412327861472
run_20260206_150046,SQUAD_121,squad_v1,ambiguous,gpt-4o-mini,0.2,1,v1_concise,2026-02-06T15:04:49.176202+00:00,0.5,1.0,1.0,1.0,0.5973861519712167,0.7646079227956826
run_20260206_150046,SQUAD_122,squad_v1,ambiguous,gpt-4o-mini,0.2,1,v1_concise,2026-02-06T15:04:51.529690+00:00,0.5,1.0,1.0,1.0,0.5279666736191717,0.7541950010428758
run_20260206_150046,SQUAD_123,squad_v1,ambiguous,gpt-4o-mini,0.2,1,v1_concise,2026-02-06T15:04:53.786804+00:00,0.5,1.0,1.0,1.0,0.7582234013025541,0.7887335101953832
run_20260206_150046,SQUAD_124,squad_v1,ambiguous,gpt-4o-mini,0.2,1,v1_concise,2026-02-06T15:04:54.939409+00:00,0.5,1.0,1.0,0.7,0.6693425058855863,0.7304013758828379
run_20260206_150046,SQUAD_125,squad_v1,ambiguous,gpt-4o-mini,0.2,1,v1_concise,2026-02-06T15:04:57.266836+00:00,0.5,1.0,1.0,1.0,0.6009587065928486,0.7651438059889273
run_20260206_150046,SQUAD_126,squad_v1,ambiguous,gpt-4o-mini,0.2,1,v1_concise,2026-02-06T15:04:59.519761+00:00,0.5,1.0,1.0,1.0,0.5884295444859944,0.7632644316728991
run_20260206_150046,SQUAD_127,squad_v1,ambiguous,gpt-4o-mini,0.2,1,v1_concise,2026-02-06T15:05:01.566882+00:00,0.5,1.0,1.0,1.0,0.49281796705420233,0.7489226950581304
run_20260206_150046,SQUAD_128,squad_v1,ambiguous,gpt-4o-mini,0.2,1,v1_concise,2026-02-06T15:05:03.918798+00:00,0.5,0.9507640067911713,1.0,1.0,0.7211274313804271,0.7757837157257398
run_20260206_150046,SQUAD_129,squad_v1,ambiguous,gpt-4o-mini,0.2,1,v1_concise,2026-02-06T15:05:05.080034+00:00,0.5,1.0,1.0,1.0,0.6334113021022132,0.770011695315332
run_20260206_150046,SQUAD_130,squad_v1,ambiguous,gpt-4o-mini,0.2,1,v1_concise,2026-02-06T15:05:07.404611+00:00,0.5,1.0,1.0,0.7,0.7322206861299208,0.7398331029194881
run_20260206_150046,SQUAD_131,squad_v1,ambiguous,gpt-4o-mini,0.2,1,v1_concise,2026-02-06T15:05:09.041686+00:00,0.5,1.0,1.0,1.0,0.6999893086592663,0.77999839629889
run_20260206_150046,SQUAD_132,squad_v1,ambiguous,gpt-4o-mini,0.2,1,v1_concise,2026-02-06T15:05:11.159979+00:00,0.5,1.0,1.0,1.0,0.7064877506346241,0.7809731625951937
run_20260206_150046,SQUAD_133,squad_v1,ambiguous,gpt-4o-mini,0.2,1,v1_concise,2026-02-06T15:05:13.137028+00:00,0.5,1.0,1.0,1.0,0.6088125953200454,0.7663218892980068
run_20260206_150046,SQUAD_134,squad_v1,ambiguous,gpt-4o-mini,0.2,1,v1_concise,2026-02-06T15:05:15.497237+00:00,0.5,1.0,1.0,1.0,0.6535291117298272,0.7730293667594741
run_20260206_150046,SQUAD_135,squad_v1,ambiguous,gpt-4o-mini,0.2,1,v1_concise,2026-02-06T15:05:17.332919+00:00,0.5,1.0,1.0,1.0,0.6660643683547465,0.774909655253212
run_20260206_150046,SQUAD_136,squad_v1,ambiguous,gpt-4o-mini,0.2,1,v1_concise,2026-02-06T15:05:19.288251+00:00,0.5,1.0,1.0,1.0,0.6823809492626832,0.7773571423894026
run_20260206_150046,SQUAD_137,squad_v1,ambiguous,gpt-4o-mini,0.2,1,v1_concise,2026-02-06T15:05:21.227693+00:00,0.5,1.0,1.0,1.0,0.7254196578161514,0.7838129486724228
run_20260206_150046,SQUAD_138,squad_v1,ambiguous,gpt-4o-mini,0.2,1,v1_concise,2026-02-06T15:05:23.070074+00:00,0.5,1.0,1.0,1.0,0.7125336422259851,0.7818800463338978
run_20260206_150046,SQUAD_139,squad_v1,ambiguous,gpt-4o-mini,0.2,1,v1_concise,2026-02-06T15:05:25.118798+00:00,0.5,0.6451612903225806,1.0,1.0,0.7821713561930062,0.739099896977338
run_20260206_150046,SQUAD_140,squad_v1,ambiguous,gpt-4o-mini,0.2,1,v1_concise,2026-02-06T15:05:26.862751+00:00,0.5,0.9932584269662923,1.0,1.0,0.46349886152457476,0.7435135932736301
run_20260206_150046,SQUAD_141,squad_v1,ambiguous,gpt-4o-mini,0.2,1,v1_concise,2026-02-06T15:05:30.035399+00:00,0.5,1.0,1.0,1.0,0.674003191323066,0.77610047869846
run_20260206_150046,SQUAD_142,squad_v1,ambiguous,gpt-4o-mini,0.2,1,v1_concise,2026-02-06T15:05:31.263090+00:00,0.5,0.5602716468590832,1.0,1.0,0.800177026299207,0.7290673009737435
run_20260206_150046,SQUAD_143,squad_v1,ambiguous,gpt-4o-mini,0.2,1,v1_concise,2026-02-06T15:05:32.799440+00:00,0.5,1.0,1.0,1.0,0.7596119788919609,0.7889417968337942
run_20260206_150046,SQUAD_144,squad_v1,ambiguous,gpt-4o-mini,0.2,1,v1_concise,2026-02-06T15:05:34.948820+00:00,0.5,1.0,1.0,1.0,0.6071189676508816,0.7660678451476323
run_20260206_150046,SQUAD_145,squad_v1,ambiguous,gpt-4o-mini,0.2,1,v1_concise,2026-02-06T15:05:37.510322+00:00,0.5,1.0,1.0,1.0,0.761817805419803,0.7892726708129705
run_20260206_150046,SQUAD_146,squad_v1,ambiguous,gpt-4o-mini,0.2,1,v1_concise,2026-02-06T15:05:38.942915+00:00,0.5,1.0,1.0,1.0,0.6932290617482955,0.7789843592622444
run_20260206_150046,SQUAD_147,squad_v1,ambiguous,gpt-4o-mini,0.2,1,v1_concise,2026-02-06T15:05:41.194240+00:00,0.5,1.0,1.0,1.0,0.6239732925251318,0.7685959938787699
run_20260206_150046,SQUAD_148,squad_v1,ambiguous,gpt-4o-mini,0.2,1,v1_concise,2026-02-06T15:05:43.450392+00:00,0.5,1.0,1.0,1.0,0.6673733281975132,0.775105999229627
run_20260206_150046,SQUAD_149,squad_v1,ambiguous,gpt-4o-mini,0.2,1,v1_concise,2026-02-06T15:05:45.290070+00:00,0.5,1.0,1.0,1.0,0.6817680611853305,0.7772652091777996
run_20260206_150046,SQUAD_150,squad_v1,ambiguous,gpt-4o-mini,0.2,1,v1_concise,2026-02-06T15:05:47.237848+00:00,0.5,1.0,1.0,1.0,0.5859840218593506,0.7628976032789027
run_20260206_150046,NQ_001,natural_questions,factual,gpt-4o-mini,0.2,1,v1_concise,2026-02-06T15:05:49.591825+00:00,0.5,0.9168081494057724,1.0,1.0,0.7681051436630271,0.7777369939603199
run_20260206_150046,NQ_002,natural_questions,factual,gpt-4o-mini,0.2,1,v1_concise,2026-02-06T15:05:50.922025+00:00,0.5,1.0,1.0,1.0,0.6710291961778034,0.7756543794266706
run_20260206_150046,NQ_003,natural_questions,factual,gpt-4o-mini,0.2,1,v1_concise,2026-02-06T15:05:53.280980+00:00,0.5,1.0,1.0,1.0,0.6852939992272928,0.777794099884094
run_20260206_150046,NQ_004,natural_questions,factual,gpt-4o-mini,0.2,1,v1_concise,2026-02-06T15:05:55.227635+00:00,0.5,1.0,1.0,1.0,0.5901802272178972,0.7635270340826846
run_20260206_150046,NQ_005,natural_questions,factual,gpt-4o-mini,0.2,1,v1_concise,2026-02-06T15:05:57.578893+00:00,0.5,1.0,1.0,1.0,0.7166238418713748,0.7824935762807063
run_20260206_150046,NQ_006,natural_questions,factual,gpt-4o-mini,0.2,1,v1_concise,2026-02-06T15:05:59.113046+00:00,0.5,1.0,1.0,1.0,0.5905300136536655,0.7635795020480499
run_20260206_150046,NQ_007,natural_questions,factual,gpt-4o-mini,0.2,1,v1_concise,2026-02-06T15:06:01.578618+00:00,0.5,1.0,1.0,1.0,0.6875614841240721,0.7781342226186109
run_20260206_150046,NQ_008,natural_questions,factual,gpt-4o-mini,0.2,1,v1_concise,2026-02-06T15:06:03.221357+00:00,0.5,1.0,1.0,1.0,0.6758177368240572,0.7763726605236086
run_20260206_150046,NQ_009,natural_questions,factual,gpt-4o-mini,0.2,1,v1_concise,2026-02-06T15:06:05.265176+00:00,0.5,0.8828522920203734,1.0,1.0,0.7753100958868681,0.7737243581860862
run_20260206_150046,NQ_010,natural_questions,factual,gpt-4o-mini,0.2,1,v1_concise,2026-02-06T15:06:06.900002+00:00,0.5,1.0,1.0,1.0,0.6788683672922257,0.7768302550938339
run_20260206_150046,NQ_011,natural_questions,factual,gpt-4o-mini,0.2,1,v1_concise,2026-02-06T15:06:09.255691+00:00,0.5,1.0,1.0,1.0,0.6110199778950532,0.766652996684258
run_20260206_150046,NQ_012,natural_questions,factual,gpt-4o-mini,0.2,1,v1_concise,2026-02-06T15:06:11.505073+00:00,0.5,1.0,1.0,1.0,0.5983490858255319,0.7647523628738299
run_20260206_150046,NQ_013,natural_questions,factual,gpt-4o-mini,0.2,1,v1_concise,2026-02-06T15:06:13.552013+00:00,0.5,1.0,1.0,1.0,0.6967705602619139,0.7795155840392871
run_20260206_150046,NQ_014,natural_questions,factual,gpt-4o-mini,0.2,1,v1_concise,2026-02-06T15:06:15.191947+00:00,0.5,1.0,1.0,1.0,0.6010561540465946,0.7651584231069892
run_20260206_150046,NQ_015,natural_questions,factual,gpt-4o-mini,0.2,1,v1_concise,2026-02-06T15:06:17.544944+00:00,0.5,1.0,1.0,1.0,0.754948311030747,0.7882422466546121
run_20260206_150046,NQ_016,natural_questions,factual,gpt-4o-mini,0.2,1,v1_concise,2026-02-06T15:06:18.979607+00:00,0.5,1.0,1.0,1.0,0.6866660438155651,0.7779999065723348
run_20260206_150046,NQ_017,natural_questions,factual,gpt-4o-mini,0.2,1,v1_concise,2026-02-06T15:06:21.231352+00:00,0.5,1.0,1.0,1.0,0.7545471750385138,0.7881820762557771
run_20260206_150046,NQ_018,natural_questions,factual,gpt-4o-mini,0.2,1,v1_concise,2026-02-06T15:06:22.982701+00:00,0.5,1.0,1.0,1.0,0.7078632314937203,0.7811794847240581
run_20260206_150046,NQ_019,natural_questions,factual,gpt-4o-mini,0.2,1,v1_concise,2026-02-06T15:06:25.154965+00:00,0.5,1.0,1.0,1.0,0.7025751997073075,0.7803862799560962
run_20260206_150046,NQ_020,natural_questions,factual,gpt-4o-mini,0.2,1,v1_concise,2026-02-06T15:06:27.175031+00:00,0.5,1.0,1.0,1.0,0.6902518248381047,0.7785377737257158
run_20260206_150046,NQ_021,natural_questions,factual,gpt-4o-mini,0.2,1,v1_concise,2026-02-06T15:06:29.220414+00:00,0.5,1.0,1.0,1.0,0.6493467811251739,0.7724020171687761
run_20260206_150046,NQ_022,natural_questions,factual,gpt-4o-mini,0.2,1,v1_concise,2026-02-06T15:06:31.371499+00:00,0.5,1.0,1.0,1.0,0.2737010458646846,0.7160551568797028
run_20260206_150046,NQ_023,natural_questions,factual,gpt-4o-mini,0.2,1,v1_concise,2026-02-06T15:06:34.752843+00:00,0.5,0.8488964346349744,1.0,1.0,0.7502367947191908,0.7648699844031248
run_20260206_150046,NQ_024,natural_questions,factual,gpt-4o-mini,0.2,1,v1_concise,2026-02-06T15:06:35.671986+00:00,0.5,1.0,1.0,1.0,0.6241758379978548,0.7686263756996783
run_20260206_150046,NQ_025,natural_questions,factual,gpt-4o-mini,0.2,1,v1_concise,2026-02-06T15:06:38.136544+00:00,0.5,1.0,0.7,1.0,0.6956851525286059,0.7193527728792909
run_20260206_150046,NQ_026,natural_questions,factual,gpt-4o-mini,0.2,1,v1_concise,2026-02-06T15:06:39.873603+00:00,0.5,0.9895522388059703,1.0,1.0,0.2101896192592475,0.7049612787097826
run_20260206_150046,NQ_027,natural_questions,factual,gpt-4o-mini,0.2,1,v1_concise,2026-02-06T15:06:43.659810+00:00,0.5,1.0,1.0,1.0,0.6934797798478536,0.7790219669771781
run_20260206_150046,NQ_028,natural_questions,factual,gpt-4o-mini,0.2,1,v1_concise,2026-02-06T15:06:44.787908+00:00,0.5,1.0,1.0,1.0,0.708449018416272,0.7812673527624409
run_20260206_150046,NQ_029,natural_questions,factual,gpt-4o-mini,0.2,1,v1_concise,2026-02-06T15:06:46.733529+00:00,0.5,1.0,1.0,1.0,0.44535826916205623,0.7418037403743085
run_20260206_150046,NQ_030,natural_questions,factual,gpt-4o-mini,0.2,1,v1_concise,2026-02-06T15:06:49.701832+00:00,0.5,1.0,1.0,1.0,0.7228638503466451,0.7834295775519968
run_20260206_150046,NQ_031,natural_questions,factual,gpt-4o-mini,0.2,1,v1_concise,2026-02-06T15:06:50.721613+00:00,0.5,1.0,1.0,1.0,0.7343231651918474,0.7851484747787771
run_20260206_150046,NQ_032,natural_questions,factual,gpt-4o-mini,0.2,1,v1_concise,2026-02-06T15:06:52.679732+00:00,0.5,1.0,1.0,1.0,0.6967961053695492,0.7795194158054324
run_20260206_150046,NQ_033,natural_questions,factual,gpt-4o-mini,0.2,1,v1_concise,2026-02-06T15:06:54.818388+00:00,0.5,1.0,1.0,1.0,0.6264063019391524,0.7689609452908729
run_20260206_150046,NQ_034,natural_questions,factual,gpt-4o-mini,0.2,1,v1_concise,2026-02-06T15:06:57.077690+00:00,0.5,1.0,1.0,1.0,0.6133667563619798,0.7670050134542971
run_20260206_150046,NQ_035,natural_questions,factual,gpt-4o-mini,0.2,1,v1_concise,2026-02-06T15:06:59.126393+00:00,0.5,1.0,1.0,1.0,0.7133361087163472,0.7820004163074521
run_20260206_150046,NQ_036,natural_questions,factual,gpt-4o-mini,0.2,1,v1_concise,2026-02-06T15:07:00.758818+00:00,0.5,1.0,1.0,1.0,0.6729249803078989,0.7759387470461849
run_20260206_150046,NQ_037,natural_questions,factual,gpt-4o-mini,0.2,1,v1_concise,2026-02-06T15:07:02.907947+00:00,0.5,1.0,1.0,1.0,0.6840492263301075,0.7776073839495161
run_20260206_150046,NQ_038,natural_questions,factual,gpt-4o-mini,0.2,1,v1_concise,2026-02-06T15:07:04.868238+00:00,0.5,0.9847198641765703,1.0,1.0,0.6462143285102138,0.7696401289030176
run_20260206_150046,NQ_039,natural_questions,factual,gpt-4o-mini,0.2,1,v1_concise,2026-02-06T15:07:07.008103+00:00,0.5,1.0,1.0,1.0,0.6888581900954096,0.7783287285143115
run_20260206_150046,NQ_040,natural_questions,factual,gpt-4o-mini,0.2,1,v1_concise,2026-02-06T15:07:08.851659+00:00,0.5,0.899830220713073,1.0,1.0,0.7849814477034915,0.7777217502624847
run_20260206_150046,NQ_041,natural_questions,factual,gpt-4o-mini,0.2,1,v1_concise,2026-02-06T15:07:10.497616+00:00,0.5,1.0,1.0,1.0,0.6460165160142863,0.771902477402143
run_20260206_150046,NQ_042,natural_questions,factual,gpt-4o-mini,0.2,1,v1_concise,2026-02-06T15:07:13.009621+00:00,0.5,1.0,1.0,1.0,0.6500691760218058,0.7725103764032709
run_20260206_150046,NQ_043,natural_questions,factual,gpt-4o-mini,0.2,1,v1_concise,2026-02-06T15:07:14.995528+00:00,0.5,1.0,1.0,1.0,0.665143707115097,0.7747715560672646
run_20260206_150046,NQ_044,natural_questions,factual,gpt-4o-mini,0.2,1,v1_concise,2026-02-06T15:07:16.939614+00:00,0.5,0.899830220713073,1.0,1.0,0.7355732545835152,0.7703105212944883
run_20260206_150046,NQ_045,natural_questions,factual,gpt-4o-mini,0.2,1,v1_concise,2026-02-06T15:07:18.681959+00:00,0.5,1.0,1.0,1.0,0.5834679584278659,0.7625201937641799
run_20260206_150046,NQ_046,natural_questions,factual,gpt-4o-mini,0.2,1,v1_concise,2026-02-06T15:07:21.241075+00:00,0.5,1.0,1.0,1.0,0.6543282716199625,0.7731492407429944
run_20260206_150046,NQ_047,natural_questions,factual,gpt-4o-mini,0.2,1,v1_concise,2026-02-06T15:07:22.981048+00:00,0.5,1.0,1.0,1.0,0.7249644491849134,0.7837446673777371
run_20260206_150046,NQ_048,natural_questions,factual,gpt-4o-mini,0.2,1,v1_concise,2026-02-06T15:07:24.721468+00:00,0.5,1.0,1.0,1.0,0.6556780777008262,0.773351711655124
run_20260206_150046,NQ_049,natural_questions,factual,gpt-4o-mini,0.2,1,v1_concise,2026-02-06T15:07:26.977584+00:00,0.5,1.0,1.0,1.0,0.5307124485134789,0.7546068672770219
run_20260206_150046,NQ_050,natural_questions,factual,gpt-4o-mini,0.2,1,v1_concise,2026-02-06T15:07:29.438616+00:00,0.5,1.0,1.0,1.0,0.686621307459554,0.7779931961189331
run_20260206_150046,NQ_051,natural_questions,factual,gpt-4o-mini,0.2,1,v1_concise,2026-02-06T15:07:30.866734+00:00,0.5,1.0,1.0,1.0,0.6733493921723177,0.7760024088258477
run_20260206_150046,NQ_052,natural_questions,factual,gpt-4o-mini,0.2,1,v1_concise,2026-02-06T15:07:32.916141+00:00,0.5,1.0,1.0,1.0,0.6325512618667236,0.7698826892800086
run_20260206_150046,NQ_053,natural_questions,factual,gpt-4o-mini,0.2,1,v1_concise,2026-02-06T15:07:35.065963+00:00,0.5,1.0,1.0,1.0,0.6756295199523175,0.7763444279928476
run_20260206_150046,NQ_054,natural_questions,factual,gpt-4o-mini,0.2,1,v1_concise,2026-02-06T15:07:36.908501+00:00,0.5,1.0,1.0,1.0,0.7437422428617471,0.7865613364292621
run_20260206_150046,NQ_055,natural_questions,factual,gpt-4o-mini,0.2,1,v1_concise,2026-02-06T15:07:38.661029+00:00,0.5,1.0,1.0,1.0,0.5653433155487948,0.7598014973323193
run_20260206_150046,NQ_056,natural_questions,factual,gpt-4o-mini,0.2,1,v1_concise,2026-02-06T15:07:41.313840+00:00,0.5,1.0,1.0,1.0,0.6923804973606522,0.7788570746040979
run_20260206_150046,NQ_057,natural_questions,factual,gpt-4o-mini,0.2,1,v1_concise,2026-02-06T15:07:42.847946+00:00,0.5,1.0,1.0,1.0,0.707166770716515,0.7810750156074773
run_20260206_150046,NQ_058,natural_questions,factual,gpt-4o-mini,0.2,1,v1_concise,2026-02-06T15:07:44.793917+00:00,0.5,1.0,1.0,1.0,0.6387000470769102,0.7708050070615365
run_20260206_150046,NQ_059,natural_questions,factual,gpt-4o-mini,0.2,1,v1_concise,2026-02-06T15:07:47.045913+00:00,0.5,1.0,1.0,1.0,0.5972870836350066,0.7645930625452511
run_20260206_150046,NQ_060,natural_questions,factual,gpt-4o-mini,0.2,1,v1_concise,2026-02-06T15:07:49.199884+00:00,0.5,1.0,1.0,1.0,0.5557969661878082,0.7583695449281713
run_20260206_150046,NQ_061,natural_questions,factual,gpt-4o-mini,0.2,1,v1_concise,2026-02-06T15:07:51.352732+00:00,0.5,0.8488964346349744,1.0,1.0,0.7913071684434672,0.7710305404617662
run_20260206_150046,NQ_062,natural_questions,factual,gpt-4o-mini,0.2,1,v1_concise,2026-02-06T15:07:52.487414+00:00,0.5,0.9168081494057724,1.0,1.0,0.7540439234510377,0.7756278109285215
run_20260206_150046,NQ_063,natural_questions,factual,gpt-4o-mini,0.2,1,v1_concise,2026-02-06T15:07:54.624280+00:00,0.5,1.0,1.0,1.0,0.5177881800971582,0.7526682270145738
run_20260206_150046,NQ_064,natural_questions,factual,gpt-4o-mini,0.2,1,v1_concise,2026-02-06T15:07:57.493615+00:00,0.5,0.9507640067911713,1.0,1.0,0.728489868544487,0.7768880813003488
run_20260206_150046,NQ_065,natural_questions,factual,gpt-4o-mini,0.2,1,v1_concise,2026-02-06T15:07:58.719082+00:00,0.5,1.0,1.0,1.0,0.7152635973074419,0.7822895395961164
run_20260206_150046,NQ_066,natural_questions,factual,gpt-4o-mini,0.2,1,v1_concise,2026-02-06T15:08:00.769230+00:00,0.5,1.0,1.0,1.0,0.70263977566468,0.7803959663497021
run_20260206_150046,NQ_067,natural_questions,factual,gpt-4o-mini,0.2,1,v1_concise,2026-02-06T15:08:02.815321+00:00,0.5,1.0,1.0,1.0,0.7170533757243804,0.7825580063586571
run_20260206_150046,NQ_068,natural_questions,factual,gpt-4o-mini,0.2,1,v1_concise,2026-02-06T15:08:04.762431+00:00,0.5,1.0,1.0,1.0,0.5923850812162609,0.7638577621824392
run_20260206_150046,NQ_069,natural_questions,factual,gpt-4o-mini,0.2,1,v1_concise,2026-02-06T15:08:07.221616+00:00,0.5,1.0,1.0,1.0,0.6081295554496434,0.7662194333174466
run_20260206_150046,NQ_070,natural_questions,factual,gpt-4o-mini,0.2,1,v1_concise,2026-02-06T15:08:09.163950+00:00,0.5,1.0,1.0,1.0,0.541026188468303,0.7561539282702455
run_20260206_150046,NQ_071,natural_questions,factual,gpt-4o-mini,0.2,1,v1_concise,2026-02-06T15:08:11.411384+00:00,0.5,1.0,1.0,1.0,0.6651503851508493,0.7747725577726274
run_20260206_150046,NQ_072,natural_questions,factual,gpt-4o-mini,0.2,1,v1_concise,2026-02-06T15:08:12.956739+00:00,0.5,0.9505376344086023,1.0,1.0,0.5411956679387567,0.7487599953521038
run_20260206_150046,NQ_073,natural_questions,factual,gpt-4o-mini,0.2,1,v1_concise,2026-02-06T15:08:15.412588+00:00,0.5,1.0,1.0,1.0,0.6398694165218624,0.7709804124782794
run_20260206_150046,NQ_074,natural_questions,factual,gpt-4o-mini,0.2,1,v1_concise,2026-02-06T15:08:17.049987+00:00,0.5,1.0,1.0,1.0,0.4879057206582831,0.7481858580987425
run_20260206_150046,NQ_075,natural_questions,factual,gpt-4o-mini,0.2,1,v1_concise,2026-02-06T15:08:19.609315+00:00,0.5,1.0,1.0,1.0,0.6699324422672461,0.775489866340087
run_20260206_150046,NQ_076,natural_questions,factual,gpt-4o-mini,0.2,1,v1_concise,2026-02-06T15:08:20.941153+00:00,0.5,1.0,1.0,1.0,0.6839388766519466,0.7775908314977921
run_20260206_150046,NQ_077,natural_questions,factual,gpt-4o-mini,0.2,1,v1_concise,2026-02-06T15:08:22.889022+00:00,0.5,1.0,1.0,1.0,0.0,0.675
run_20260206_150046,NQ_078,natural_questions,factual,gpt-4o-mini,0.2,1,v1_concise,2026-02-06T15:08:27.405174+00:00,0.5,1.0,1.0,1.0,0.6140980336945157,0.7671147050541773
run_20260206_150046,NQ_079,natural_questions,factual,gpt-4o-mini,0.2,1,v1_concise,2026-02-06T15:08:28.826490+00:00,0.5,1.0,1.0,1.0,0.6008828492935254,0.7651324273940289
run_20260206_150046,NQ_080,natural_questions,factual,gpt-4o-mini,0.2,1,v1_concise,2026-02-06T15:08:30.873752+00:00,0.5,1.0,1.0,1.0,0.6978849493736812,0.7796827424060522
run_20260206_150046,NQ_081,natural_questions,factual,gpt-4o-mini,0.2,1,v1_concise,2026-02-06T15:08:32.517122+00:00,0.5,1.0,1.0,1.0,0.714211709423493,0.782131756413524
run_20260206_150046,NQ_082,natural_questions,factual,gpt-4o-mini,0.2,1,v1_concise,2026-02-06T15:08:34.458072+00:00,0.5,0.7809847198641765,1.0,1.0,0.7061224685624983,0.7480660782640013
run_20260206_150046,NQ_083,natural_questions,factual,gpt-4o-mini,0.2,1,v1_concise,2026-02-06T15:08:36.488296+00:00,0.5,1.0,1.0,1.0,0.6608068739939588,0.7741210310990938
run_20260206_150046,NQ_084,natural_questions,factual,gpt-4o-mini,0.2,1,v1_concise,2026-02-06T15:08:38.655530+00:00,0.5,1.0,1.0,1.0,0.7289952596968159,0.7843492889545224
run_20260206_150046,NQ_085,natural_questions,factual,gpt-4o-mini,0.2,1,v1_concise,2026-02-06T15:08:40.405032+00:00,0.5,0.97859778597786,1.0,1.0,0.46804148188336425,0.7419958901791837
run_20260206_150046,NQ_086,natural_questions,factual,gpt-4o-mini,0.2,1,v1_concise,2026-02-06T15:08:43.366848+00:00,0.5,1.0,1.0,1.0,0.7229108559381061,0.7834366283907159
run_20260206_150046,NQ_087,natural_questions,factual,gpt-4o-mini,0.2,1,v1_concise,2026-02-06T15:08:44.429376+00:00,0.5,1.0,1.0,1.0,0.5809532565376511,0.7621429884806477
run_20260206_150046,NQ_088,natural_questions,factual,gpt-4o-mini,0.2,1,v1_concise,2026-02-06T15:08:46.952254+00:00,0.5,1.0,1.0,1.0,0.6516398759648869,0.772745981394733
run_20260206_150046,NQ_089,natural_questions,factual,gpt-4o-mini,0.2,1,v1_concise,2026-02-06T15:08:48.694770+00:00,0.5,0.6281833616298811,1.0,1.0,0.7000121306843619,0.7242293238471365
run_20260206_150046,NQ_090,natural_questions,factual,gpt-4o-mini,0.2,1,v1_concise,2026-02-06T15:08:50.516493+00:00,0.5,0.9895522388059703,0.7,1.0,0.4307711698433909,0.6780485112974041
run_20260206_150046,NQ_091,natural_questions,factual,gpt-4o-mini,0.2,1,v1_concise,2026-02-06T15:08:53.506599+00:00,0.5,0.9507640067911713,1.0,1.0,0.7222992645667248,0.7759594907036844
run_20260206_150046,NQ_092,natural_questions,factual,gpt-4o-mini,0.2,1,v1_concise,2026-02-06T15:08:54.528322+00:00,0.5,0.7892857142857144,1.0,1.0,0.542127156673267,0.7247119306438472
run_20260206_150046,NQ_093,natural_questions,factual,gpt-4o-mini,0.2,1,v1_concise,2026-02-06T15:08:57.192662+00:00,0.5,1.0,1.0,1.0,0.6961583205375468,0.7794237480806321
run_20260206_150046,NQ_094,natural_questions,factual,gpt-4o-mini,0.2,1,v1_concise,2026-02-06T15:08:58.626024+00:00,0.5,0.7809847198641765,1.0,1.0,0.7395979705773525,0.7530874035662294
run_20260206_150046,NQ_095,natural_questions,factual,gpt-4o-mini,0.2,1,v1_concise,2026-02-06T15:09:00.468068+00:00,0.5,1.0,1.0,1.0,0.754717043520759,0.7882075565281139
run_20260206_150046,NQ_096,natural_questions,factual,gpt-4o-mini,0.2,1,v1_concise,2026-02-06T15:09:02.413125+00:00,0.5,0.9240418118466901,1.0,1.0,0.4065025395662272,0.7245816527119376
run_20260206_150046,NQ_097,natural_questions,factual,gpt-4o-mini,0.2,1,v1_concise,2026-02-06T15:09:05.693598+00:00,0.5,1.0,1.0,1.0,0.7083724479286646,0.7812558671892997
run_20260206_150046,NQ_098,natural_questions,factual,gpt-4o-mini,0.2,1,v1_concise,2026-02-06T15:09:06.767517+00:00,0.5,1.0,1.0,1.0,0.24466663213106432,0.7116999948196597
run_20260206_150046,NQ_099,natural_questions,factual,gpt-4o-mini,0.2,1,v1_concise,2026-02-06T15:09:10.472424+00:00,0.5,1.0,1.0,1.0,0.6856512417223963,0.7778476862583595
run_20260206_150046,NQ_100,natural_questions,factual,gpt-4o-mini,0.2,1,v1_concise,2026-02-06T15:09:11.628845+00:00,0.5,1.0,1.0,1.0,0.6725228717861871,0.7758784307679281
run_20260206_150046,NQ_101,natural_questions,explanatory,gpt-4o-mini,0.2,1,v1_concise,2026-02-06T15:09:13.678117+00:00,0.5,0.9677419354838709,1.0,1.0,0.7567579938843456,0.7836749894052325
run_20260206_150046,NQ_102,natural_questions,explanatory,gpt-4o-mini,0.2,1,v1_concise,2026-02-06T15:09:15.368806+00:00,0.5,1.0,1.0,1.0,0.5073217530142092,0.7510982629521314
run_20260206_150046,NQ_103,natural_questions,explanatory,gpt-4o-mini,0.2,1,v1_concise,2026-02-06T15:09:18.287223+00:00,0.5,1.0,1.0,1.0,0.5782473553519626,0.7617371033027944
run_20260206_150046,NQ_104,natural_questions,explanatory,gpt-4o-mini,0.2,1,v1_concise,2026-02-06T15:09:20.026140+00:00,0.5,1.0,1.0,1.0,0.5652021042685162,0.7597803156402775
run_20260206_150046,NQ_105,natural_questions,explanatory,gpt-4o-mini,0.2,1,v1_concise,2026-02-06T15:09:22.075773+00:00,0.5,1.0,1.0,1.0,0.5887144956231959,0.7633071743434794
run_20260206_150046,NQ_106,natural_questions,explanatory,gpt-4o-mini,0.2,1,v1_concise,2026-02-06T15:09:23.989237+00:00,0.5,1.0,1.0,1.0,0.6039271907377329,0.76558907861066
run_20260206_150046,NQ_107,natural_questions,explanatory,gpt-4o-mini,0.2,1,v1_concise,2026-02-06T15:09:25.933695+00:00,0.5,1.0,1.0,1.0,0.6642342623820994,0.774635139357315
run_20260206_150046,NQ_108,natural_questions,explanatory,gpt-4o-mini,0.2,1,v1_concise,2026-02-06T15:09:27.713291+00:00,0.5,1.0,1.0,1.0,0.691298850074661,0.7786948275111992
run_20260206_150046,NQ_109,natural_questions,explanatory,gpt-4o-mini,0.2,1,v1_concise,2026-02-06T15:09:29.613221+00:00,0.5,0.9847198641765703,1.0,1.0,0.7239311041963544,0.7812976452559387
run_20260206_150046,NQ_110,natural_questions,explanatory,gpt-4o-mini,0.2,1,v1_concise,2026-02-06T15:09:31.493675+00:00,0.5,1.0,1.0,1.0,0.5993402230347238,0.7649010334552087
run_20260206_150046,NQ_111,natural_questions,explanatory,gpt-4o-mini,0.2,1,v1_concise,2026-02-06T15:09:33.952337+00:00,0.5,1.0,1.0,1.0,0.5864590700919501,0.7629688605137925
run_20260206_150046,NQ_112,natural_questions,explanatory,gpt-4o-mini,0.2,1,v1_concise,2026-02-06T15:09:35.999993+00:00,0.5,0.9337860780984719,1.0,1.0,0.7405837912920619,0.7761554804085801
run_20260206_150046,NQ_113,natural_questions,explanatory,gpt-4o-mini,0.2,1,v1_concise,2026-02-06T15:09:37.433778+00:00,0.5,0.8840000000000001,1.0,0.7,0.47682575714499553,0.6841238635717494
run_20260206_150046,NQ_114,natural_questions,explanatory,gpt-4o-mini,0.2,1,v1_concise,2026-02-06T15:09:40.404290+00:00,0.5,1.0,1.0,1.0,0.39323762649123595,0.7339856439736854
run_20260206_150046,NQ_115,natural_questions,explanatory,gpt-4o-mini,0.2,1,v1_concise,2026-02-06T15:09:42.712169+00:00,0.5,0.8149405772495755,1.0,1.0,0.7368359868584036,0.7577664846161968
run_20260206_150046,NQ_116,natural_questions,explanatory,gpt-4o-mini,0.2,1,v1_concise,2026-02-06T15:09:43.680538+00:00,0.5,1.0,1.0,1.0,0.6961421117129052,0.7794213167569358
run_20260206_150046,NQ_117,natural_questions,explanatory,gpt-4o-mini,0.2,1,v1_concise,2026-02-06T15:09:45.830521+00:00,0.5,1.0,1.0,1.0,0.599479229914851,0.7649218844872276
run_20260206_150046,NQ_118,natural_questions,explanatory,gpt-4o-mini,0.2,1,v1_concise,2026-02-06T15:09:48.186646+00:00,0.5,1.0,1.0,1.0,0.6846536858186465,0.777698052872797
run_20260206_150046,NQ_119,natural_questions,explanatory,gpt-4o-mini,0.2,1,v1_concise,2026-02-06T15:09:49.873726+00:00,0.5,1.0,1.0,1.0,0.6229829981748214,0.7684474497262233
run_20260206_150046,NQ_120,natural_questions,explanatory,gpt-4o-mini,0.2,1,v1_concise,2026-02-06T15:09:52.102267+00:00,0.5,1.0,1.0,1.0,0.7491463298325947,0.7873719494748892
run_20260206_150046,NQ_121,natural_questions,explanatory,gpt-4o-mini,0.2,1,v1_concise,2026-02-06T15:09:53.637643+00:00,0.5,0.8149405772495755,1.0,1.0,0.7464084648447126,0.7592023563141431
run_20260206_150046,NQ_122,natural_questions,explanatory,gpt-4o-mini,0.2,1,v1_concise,2026-02-06T15:09:55.648239+00:00,0.5,1.0,1.0,1.0,0.6769094984166248,0.7765364247624937
run_20260206_150046,NQ_123,natural_questions,explanatory,gpt-4o-mini,0.2,1,v1_concise,2026-02-06T15:09:57.904098+00:00,0.5,1.0,1.0,1.0,0.7562471565669372,0.7884370734850407
run_20260206_150046,NQ_124,natural_questions,explanatory,gpt-4o-mini,0.2,1,v1_concise,2026-02-06T15:09:59.612685+00:00,0.5,1.0,1.0,1.0,0.6748849513835755,0.7762327427075364
run_20260206_150046,NQ_125,natural_questions,explanatory,gpt-4o-mini,0.2,1,v1_concise,2026-02-06T15:10:01.912489+00:00,0.5,1.0,1.0,1.0,0.6627163383720517,0.7744074507558077
run_20260206_150046,NQ_126,natural_questions,explanatory,gpt-4o-mini,0.2,1,v1_concise,2026-02-06T15:10:03.958028+00:00,0.5,0.6791171477079796,1.0,1.0,0.7805747869657969,0.7439537902010664
run_20260206_150046,NQ_127,natural_questions,explanatory,gpt-4o-mini,0.2,1,v1_concise,2026-02-06T15:10:05.525200+00:00,0.5,0.6621392190152801,1.0,1.0,0.4358251462019773,0.6896946547825886
run_20260206_150046,NQ_128,natural_questions,explanatory,gpt-4o-mini,0.2,1,v1_concise,2026-02-06T15:10:08.792900+00:00,0.5,0.8929292929292931,1.0,1.0,0.4501357878075535,0.7264597621105271
run_20260206_150046,NQ_129,natural_questions,explanatory,gpt-4o-mini,0.2,1,v1_concise,2026-02-06T15:10:10.815648+00:00,0.5,1.0,1.0,1.0,0.49833408942097357,0.7497501134131461
run_20260206_150046,NQ_130,natural_questions,explanatory,gpt-4o-mini,0.2,1,v1_concise,2026-02-06T15:10:12.661168+00:00,0.5,1.0,1.0,1.0,0.6812807590813019,0.7771921138621953
run_20260206_150046,NQ_131,natural_questions,explanatory,gpt-4o-mini,0.2,1,v1_concise,2026-02-06T15:10:13.989424+00:00,0.5,0.8488964346349744,1.0,1.0,0.7525475895954128,0.7652166036345581
run_20260206_150046,NQ_132,natural_questions,explanatory,gpt-4o-mini,0.2,1,v1_concise,2026-02-06T15:10:15.727604+00:00,0.5,1.0,1.0,1.0,0.7109360356339988,0.7816404053450998
run_20260206_150046,NQ_133,natural_questions,explanatory,gpt-4o-mini,0.2,1,v1_concise,2026-02-06T15:10:17.880832+00:00,0.5,1.0,1.0,1.0,0.614099330400487,0.7671148995600731
run_20260206_150046,NQ_134,natural_questions,explanatory,gpt-4o-mini,0.2,1,v1_concise,2026-02-06T15:10:20.237313+00:00,0.5,0.696095076400679,1.0,1.0,0.7382022611051033,0.7401446006258673
run_20260206_150046,NQ_135,natural_questions,explanatory,gpt-4o-mini,0.2,1,v1_concise,2026-02-06T15:10:21.781459+00:00,0.5,1.0,1.0,1.0,0.42054074324722523,0.7380811114870838
run_20260206_150046,NQ_136,natural_questions,explanatory,gpt-4o-mini,0.2,1,v1_concise,2026-02-06T15:10:24.950463+00:00,0.5,1.0,1.0,1.0,0.7224039087386118,0.7833605863107919
run_20260206_150046,NQ_137,natural_questions,explanatory,gpt-4o-mini,0.2,1,v1_concise,2026-02-06T15:10:25.972070+00:00,0.5,1.0,1.0,1.0,0.6538701454002889,0.7730805218100434
run_20260206_150046,NQ_138,natural_questions,explanatory,gpt-4o-mini,0.2,1,v1_concise,2026-02-06T15:10:28.224646+00:00,0.5,1.0,1.0,1.0,0.5854265679622725,0.762813985194341
run_20260206_150046,NQ_139,natural_questions,explanatory,gpt-4o-mini,0.2,1,v1_concise,2026-02-06T15:10:30.476398+00:00,0.5,0.7148247978436659,1.0,1.0,0.4407517860341784,0.6983364875816767
run_20260206_150046,NQ_140,natural_questions,explanatory,gpt-4o-mini,0.2,1,v1_concise,2026-02-06T15:10:33.009479+00:00,0.5,0.8527331189710612,1.0,1.0,0.4913674717546642,0.7266150886088589
run_20260206_150046,NQ_141,natural_questions,explanatory,gpt-4o-mini,0.2,1,v1_concise,2026-02-06T15:10:34.880458+00:00,0.5,1.0,1.0,1.0,0.7020453008121204,0.7803067951218181
run_20260206_150046,NQ_142,natural_questions,explanatory,gpt-4o-mini,0.2,1,v1_concise,2026-02-06T15:10:36.105792+00:00,0.5,1.0,1.0,1.0,0.6326880643466997,0.769903209652005
run_20260206_150046,NQ_143,natural_questions,explanatory,gpt-4o-mini,0.2,1,v1_concise,2026-02-06T15:10:38.361442+00:00,0.5,0.8869565217391305,1.0,1.0,0.1758719715513083,0.6844242739935659
run_20260206_150046,NQ_144,natural_questions,explanatory,gpt-4o-mini,0.2,1,v1_concise,2026-02-06T15:10:42.042296+00:00,0.5,1.0,1.0,1.0,0.6086413004612318,0.7662961950691848
run_20260206_150046,NQ_145,natural_questions,explanatory,gpt-4o-mini,0.2,1,v1_concise,2026-02-06T15:10:43.482002+00:00,0.5,1.0,1.0,1.0,0.6512194838889793,0.7726829225833469
run_20260206_150046,NQ_146,natural_questions,explanatory,gpt-4o-mini,0.2,1,v1_concise,2026-02-06T15:10:45.325787+00:00,0.5,0.5942275042444821,1.0,1.0,0.6936888736857317,0.7181874566895321
run_20260206_150046,NQ_147,natural_questions,explanatory,gpt-4o-mini,0.2,1,v1_concise,2026-02-06T15:10:47.169778+00:00,0.5,1.0,1.0,1.0,0.5967604265047478,0.7645140639757122
run_20260206_150046,NQ_148,natural_questions,explanatory,gpt-4o-mini,0.2,1,v1_concise,2026-02-06T15:10:49.526850+00:00,0.5,1.0,1.0,1.0,0.7235420924049532,0.783531313860743
run_20260206_150046,NQ_149,natural_questions,explanatory,gpt-4o-mini,0.2,1,v1_concise,2026-02-06T15:10:51.061654+00:00,0.5,0.7800000000000001,1.0,1.0,0.5160033939982094,0.7194005090997314
run_20260206_150046,NQ_150,natural_questions,explanatory,gpt-4o-mini,0.2,1,v1_concise,2026-02-06T15:10:53.825345+00:00,0.5,1.0,1.0,1.0,0.5862875807272406,0.7629431371090861
