run_id,prompt_id,source,category,model,temperature,run,instruction_version,run_timestamp,latency_sec,response_length,char_len,word_len,sentence_count,avg_word_len,has_markdown,has_bullets,starts_with_answer,contains_disclaimer,contains_uncertainty,contains_date
run_20260206_150046,SQUAD_001,squad_v1,factual,gpt-4o-mini,0.2,1,v1_concise,2026-02-06T15:00:48.135147+00:00,1.6065609455108645,97,97,14,1,6.0,0,0,1,0,0,1
run_20260206_150046,SQUAD_002,squad_v1,factual,gpt-4o-mini,0.2,1,v1_concise,2026-02-06T15:00:49.745019+00:00,1.183685302734375,171,171,28,2,5.142857142857143,0,0,0,1,0,0
run_20260206_150046,SQUAD_003,squad_v1,factual,gpt-4o-mini,0.2,1,v1_concise,2026-02-06T15:00:51.320968+00:00,1.9252252578735352,142,142,19,1,6.526315789473684,0,0,0,0,0,0
run_20260206_150046,SQUAD_004,squad_v1,factual,gpt-4o-mini,0.2,1,v1_concise,2026-02-06T15:00:54.061750+00:00,1.1008071899414062,127,127,20,1,5.4,0,0,1,0,0,0
run_20260206_150046,SQUAD_005,squad_v1,factual,gpt-4o-mini,0.2,1,v1_concise,2026-02-06T15:00:55.237960+00:00,1.003060817718506,85,85,15,1,4.733333333333333,0,0,1,0,0,0
run_20260206_150046,SQUAD_006,squad_v1,factual,gpt-4o-mini,0.2,1,v1_concise,2026-02-06T15:00:57.140568+00:00,1.2182905673980713,87,87,12,1,6.333333333333333,0,0,1,0,0,1
run_20260206_150046,SQUAD_007,squad_v1,factual,gpt-4o-mini,0.2,1,v1_concise,2026-02-06T15:00:59.357482+00:00,1.7622811794281006,82,82,13,1,5.384615384615385,0,0,1,0,0,0
run_20260206_150046,SQUAD_008,squad_v1,factual,gpt-4o-mini,0.2,1,v1_concise,2026-02-06T15:01:01.902453+00:00,0.9317877292633056,93,93,17,2,4.529411764705882,0,0,0,0,0,0
run_20260206_150046,SQUAD_009,squad_v1,factual,gpt-4o-mini,0.2,1,v1_concise,2026-02-06T15:01:03.082368+00:00,1.4928045272827148,176,176,29,1,5.103448275862069,0,0,0,0,0,0
run_20260206_150046,SQUAD_010,squad_v1,factual,gpt-4o-mini,0.2,1,v1_concise,2026-02-06T15:01:05.633908+00:00,2.6671595573425293,360,360,50,2,6.22,0,0,0,0,0,0
run_20260206_150046,SQUAD_011,squad_v1,factual,gpt-4o-mini,0.2,1,v1_concise,2026-02-06T15:01:08.809565+00:00,1.327871322631836,244,244,34,2,6.205882352941177,0,0,1,0,0,0
run_20260206_150046,SQUAD_012,squad_v1,factual,gpt-4o-mini,0.2,1,v1_concise,2026-02-06T15:01:10.138116+00:00,1.785487413406372,177,177,26,1,5.846153846153846,0,0,1,0,0,0
run_20260206_150046,SQUAD_013,squad_v1,factual,gpt-4o-mini,0.2,1,v1_concise,2026-02-06T15:01:12.596359+00:00,2.142002582550049,316,316,45,2,6.044444444444444,0,0,0,0,0,1
run_20260206_150046,SQUAD_014,squad_v1,factual,gpt-4o-mini,0.2,1,v1_concise,2026-02-06T15:01:14.953259+00:00,1.0207839012145996,100,100,16,1,5.3125,0,0,0,0,0,0
run_20260206_150046,SQUAD_015,squad_v1,factual,gpt-4o-mini,0.2,1,v1_concise,2026-02-06T15:01:15.974858+00:00,1.4782977104187012,136,136,20,1,5.85,0,0,0,0,0,1
run_20260206_150046,SQUAD_016,squad_v1,factual,gpt-4o-mini,0.2,1,v1_concise,2026-02-06T15:01:18.434979+00:00,1.3214046955108645,241,241,33,1,6.333333333333333,0,0,0,0,0,0
run_20260206_150046,SQUAD_017,squad_v1,factual,gpt-4o-mini,0.2,1,v1_concise,2026-02-06T15:01:20.277483+00:00,2.393336296081543,316,316,51,2,5.215686274509804,0,0,1,0,0,0
run_20260206_150046,SQUAD_018,squad_v1,factual,gpt-4o-mini,0.2,1,v1_concise,2026-02-06T15:01:23.348642+00:00,1.032138109207153,154,154,22,1,6.045454545454546,0,0,0,0,0,0
run_20260206_150046,SQUAD_019,squad_v1,factual,gpt-4o-mini,0.2,1,v1_concise,2026-02-06T15:01:24.381381+00:00,1.4800348281860352,140,140,25,1,4.64,0,0,0,0,0,1
run_20260206_150046,SQUAD_020,squad_v1,factual,gpt-4o-mini,0.2,1,v1_concise,2026-02-06T15:01:26.829975+00:00,1.834998607635498,73,73,12,1,5.166666666666667,0,0,0,0,0,0
run_20260206_150046,SQUAD_021,squad_v1,factual,gpt-4o-mini,0.2,1,v1_concise,2026-02-06T15:01:29.185535+00:00,1.2727866172790527,95,95,15,1,5.4,0,0,1,0,0,1
run_20260206_150046,SQUAD_022,squad_v1,factual,gpt-4o-mini,0.2,1,v1_concise,2026-02-06T15:01:30.622999+00:00,1.185772180557251,84,84,15,3,4.666666666666667,0,0,0,0,0,0
run_20260206_150046,SQUAD_023,squad_v1,factual,gpt-4o-mini,0.2,1,v1_concise,2026-02-06T15:01:32.536332+00:00,1.4666283130645752,149,149,24,1,5.25,0,0,0,0,0,0
run_20260206_150046,SQUAD_024,squad_v1,factual,gpt-4o-mini,0.2,1,v1_concise,2026-02-06T15:01:34.818175+00:00,1.0012788772583008,96,96,16,1,5.0625,0,0,0,0,0,0
run_20260206_150046,SQUAD_025,squad_v1,factual,gpt-4o-mini,0.2,1,v1_concise,2026-02-06T15:01:36.352655+00:00,1.1514410972595217,93,93,15,1,5.266666666666667,0,0,0,0,0,0
run_20260206_150046,SQUAD_026,squad_v1,factual,gpt-4o-mini,0.2,1,v1_concise,2026-02-06T15:01:38.503187+00:00,1.6189935207366943,98,98,19,1,4.2105263157894735,0,0,1,0,0,0
run_20260206_150046,SQUAD_027,squad_v1,factual,gpt-4o-mini,0.2,1,v1_concise,2026-02-06T15:01:40.971541+00:00,1.5543768405914309,39,39,5,1,7.0,0,0,1,0,0,0
run_20260206_150046,SQUAD_028,squad_v1,factual,gpt-4o-mini,0.2,1,v1_concise,2026-02-06T15:01:42.907905+00:00,1.293776512145996,217,217,35,1,5.228571428571429,0,0,0,0,0,1
run_20260206_150046,SQUAD_029,squad_v1,factual,gpt-4o-mini,0.2,1,v1_concise,2026-02-06T15:01:44.647206+00:00,1.545776605606079,179,179,28,2,5.428571428571429,0,0,0,0,0,0
run_20260206_150046,SQUAD_030,squad_v1,factual,gpt-4o-mini,0.2,1,v1_concise,2026-02-06T15:01:46.899743+00:00,1.0845589637756348,82,82,14,1,4.928571428571429,0,0,1,0,0,1
run_20260206_150046,SQUAD_031,squad_v1,factual,gpt-4o-mini,0.2,1,v1_concise,2026-02-06T15:01:48.439104+00:00,1.3340866565704346,189,189,30,1,5.333333333333333,0,0,1,0,0,0
run_20260206_150046,SQUAD_032,squad_v1,factual,gpt-4o-mini,0.2,1,v1_concise,2026-02-06T15:01:50.689843+00:00,1.1770081520080566,184,184,33,2,4.606060606060606,0,0,1,0,0,0
run_20260206_150046,SQUAD_033,squad_v1,factual,gpt-4o-mini,0.2,1,v1_concise,2026-02-06T15:01:52.532736+00:00,1.327629566192627,235,235,27,2,7.7407407407407405,0,0,0,0,0,0
run_20260206_150046,SQUAD_034,squad_v1,factual,gpt-4o-mini,0.2,1,v1_concise,2026-02-06T15:01:54.683401+00:00,1.272542953491211,142,142,19,1,6.526315789473684,0,0,0,0,0,0
run_20260206_150046,SQUAD_035,squad_v1,factual,gpt-4o-mini,0.2,1,v1_concise,2026-02-06T15:01:56.629981+00:00,1.2171225547790527,126,126,17,1,6.470588235294118,0,0,0,0,0,0
run_20260206_150046,SQUAD_036,squad_v1,factual,gpt-4o-mini,0.2,1,v1_concise,2026-02-06T15:01:58.573821+00:00,1.6748268604278564,305,305,46,2,5.6521739130434785,0,0,0,0,0,0
run_20260206_150046,SQUAD_037,squad_v1,factual,gpt-4o-mini,0.2,1,v1_concise,2026-02-06T15:02:01.033269+00:00,2.644464492797852,81,81,14,1,4.857142857142857,0,0,1,0,0,0
run_20260206_150046,SQUAD_038,squad_v1,factual,gpt-4o-mini,0.2,1,v1_concise,2026-02-06T15:02:04.003056+00:00,1.0226354598999023,132,132,21,1,5.333333333333333,0,0,0,0,0,0
run_20260206_150046,SQUAD_039,squad_v1,factual,gpt-4o-mini,0.2,1,v1_concise,2026-02-06T15:02:05.026362+00:00,1.1707603931427002,159,159,27,1,4.925925925925926,0,0,0,0,0,1
run_20260206_150046,SQUAD_040,squad_v1,factual,gpt-4o-mini,0.2,1,v1_concise,2026-02-06T15:02:07.176061+00:00,1.422971248626709,200,200,34,1,4.911764705882353,0,0,0,0,0,0
run_20260206_150046,SQUAD_041,squad_v1,factual,gpt-4o-mini,0.2,1,v1_concise,2026-02-06T15:02:09.429257+00:00,1.0608396530151367,60,60,10,1,5.1,0,0,1,0,0,0
run_20260206_150046,SQUAD_042,squad_v1,factual,gpt-4o-mini,0.2,1,v1_concise,2026-02-06T15:02:11.068196+00:00,1.2104499340057373,71,71,12,1,5.0,0,0,0,0,0,0
run_20260206_150046,SQUAD_043,squad_v1,factual,gpt-4o-mini,0.2,1,v1_concise,2026-02-06T15:02:13.219187+00:00,1.565709114074707,295,295,41,2,6.219512195121951,0,0,1,0,0,0
run_20260206_150046,SQUAD_044,squad_v1,factual,gpt-4o-mini,0.2,1,v1_concise,2026-02-06T15:02:15.573122+00:00,0.7008521556854248,27,27,4,1,6.0,0,0,0,0,0,0
run_20260206_150046,SQUAD_045,squad_v1,factual,gpt-4o-mini,0.2,1,v1_concise,2026-02-06T15:02:16.709006+00:00,1.2508506774902344,176,176,27,1,5.555555555555555,0,0,0,0,0,0
run_20260206_150046,SQUAD_046,squad_v1,factual,gpt-4o-mini,0.2,1,v1_concise,2026-02-06T15:02:19.260039+00:00,0.9906234741210938,74,74,11,1,5.818181818181818,0,0,0,0,0,1
run_20260206_150046,SQUAD_047,squad_v1,factual,gpt-4o-mini,0.2,1,v1_concise,2026-02-06T15:02:21.000108+00:00,1.5501923561096191,234,234,36,2,5.527777777777778,0,0,0,0,0,0
run_20260206_150046,SQUAD_048,squad_v1,factual,gpt-4o-mini,0.2,1,v1_concise,2026-02-06T15:02:23.560099+00:00,1.188049554824829,264,264,36,2,6.361111111111111,0,0,0,0,0,0
run_20260206_150046,SQUAD_049,squad_v1,factual,gpt-4o-mini,0.2,1,v1_concise,2026-02-06T15:02:25.198613+00:00,1.645148992538452,146,146,24,1,5.125,0,0,0,0,0,1
run_20260206_150046,SQUAD_050,squad_v1,factual,gpt-4o-mini,0.2,1,v1_concise,2026-02-06T15:02:27.656179+00:00,1.3853034973144531,80,80,15,1,4.4,0,0,1,0,0,0
run_20260206_150046,SQUAD_051,squad_v1,factual,gpt-4o-mini,0.2,1,v1_concise,2026-02-06T15:02:29.396929+00:00,1.9449105262756348,310,310,51,2,5.098039215686274,0,0,1,0,0,1
run_20260206_150046,SQUAD_052,squad_v1,factual,gpt-4o-mini,0.2,1,v1_concise,2026-02-06T15:02:31.956656+00:00,1.1743512153625488,235,235,28,1,7.428571428571429,0,0,0,0,0,0
run_20260206_150046,SQUAD_053,squad_v1,factual,gpt-4o-mini,0.2,1,v1_concise,2026-02-06T15:02:33.186575+00:00,1.93753981590271,399,399,56,2,6.142857142857143,0,0,0,0,0,1
run_20260206_150046,SQUAD_054,squad_v1,factual,gpt-4o-mini,0.2,1,v1_concise,2026-02-06T15:02:35.950486+00:00,1.2680726051330566,131,131,22,1,5.0,0,0,1,0,0,0
run_20260206_150046,SQUAD_055,squad_v1,factual,gpt-4o-mini,0.2,1,v1_concise,2026-02-06T15:02:37.281656+00:00,1.4191222190856934,289,289,42,2,5.904761904761905,0,0,1,0,0,0
run_20260206_150046,SQUAD_056,squad_v1,factual,gpt-4o-mini,0.2,1,v1_concise,2026-02-06T15:02:39.433112+00:00,1.6391212940216064,219,219,27,2,7.148148148148148,0,0,0,0,0,0
run_20260206_150046,SQUAD_057,squad_v1,factual,gpt-4o-mini,0.2,1,v1_concise,2026-02-06T15:02:41.653283+00:00,1.4119105339050293,219,219,38,1,4.7894736842105265,0,0,1,0,0,0
run_20260206_150046,SQUAD_058,squad_v1,factual,gpt-4o-mini,0.2,1,v1_concise,2026-02-06T15:02:43.426902+00:00,1.3566679954528809,121,121,18,1,5.777777777777778,0,0,0,0,0,0
run_20260206_150046,SQUAD_059,squad_v1,factual,gpt-4o-mini,0.2,1,v1_concise,2026-02-06T15:02:45.371014+00:00,1.56646990776062,215,215,37,2,4.837837837837838,0,0,0,1,0,1
run_20260206_150046,SQUAD_060,squad_v1,factual,gpt-4o-mini,0.2,1,v1_concise,2026-02-06T15:02:47.581755+00:00,1.55438232421875,144,144,24,1,5.041666666666667,0,0,1,0,0,1
run_20260206_150046,SQUAD_061,squad_v1,explanatory,gpt-4o-mini,0.2,1,v1_concise,2026-02-06T15:02:49.570019+00:00,1.7057037353515625,318,318,53,2,5.018867924528302,0,0,0,0,0,0
run_20260206_150046,SQUAD_062,squad_v1,explanatory,gpt-4o-mini,0.2,1,v1_concise,2026-02-06T15:02:51.722032+00:00,1.751084804534912,389,389,56,2,5.964285714285714,0,0,0,0,0,0
run_20260206_150046,SQUAD_063,squad_v1,explanatory,gpt-4o-mini,0.2,1,v1_concise,2026-02-06T15:02:53.767723+00:00,1.035233497619629,102,102,14,1,6.357142857142857,0,0,0,0,0,0
run_20260206_150046,SQUAD_064,squad_v1,explanatory,gpt-4o-mini,0.2,1,v1_concise,2026-02-06T15:02:55.052084+00:00,1.0272836685180664,83,83,14,1,5.0,0,0,0,0,0,0
run_20260206_150046,SQUAD_065,squad_v1,explanatory,gpt-4o-mini,0.2,1,v1_concise,2026-02-06T15:02:57.044838+00:00,1.4845750331878662,255,255,41,1,5.2439024390243905,0,0,0,0,0,1
run_20260206_150046,SQUAD_066,squad_v1,explanatory,gpt-4o-mini,0.2,1,v1_concise,2026-02-06T15:02:59.502711+00:00,1.3276355266571045,184,184,28,2,5.607142857142857,0,0,1,0,0,0
run_20260206_150046,SQUAD_067,squad_v1,explanatory,gpt-4o-mini,0.2,1,v1_concise,2026-02-06T15:03:01.346519+00:00,1.47731614112854,283,283,43,2,5.604651162790698,0,0,1,0,0,0
run_20260206_150046,SQUAD_068,squad_v1,explanatory,gpt-4o-mini,0.2,1,v1_concise,2026-02-06T15:03:03.496063+00:00,1.1843619346618652,133,133,21,1,5.380952380952381,0,0,1,0,0,0
run_20260206_150046,SQUAD_069,squad_v1,explanatory,gpt-4o-mini,0.2,1,v1_concise,2026-02-06T15:03:05.204045+00:00,1.4702975749969482,225,225,39,1,4.794871794871795,0,0,0,0,0,0
run_20260206_150046,SQUAD_070,squad_v1,explanatory,gpt-4o-mini,0.2,1,v1_concise,2026-02-06T15:03:07.490361+00:00,1.824411392211914,255,255,37,2,5.918918918918919,0,0,0,0,0,0
run_20260206_150046,SQUAD_071,squad_v1,explanatory,gpt-4o-mini,0.2,1,v1_concise,2026-02-06T15:03:09.845579+00:00,1.4631340503692627,167,167,28,1,5.0,0,0,1,0,0,1
run_20260206_150046,SQUAD_072,squad_v1,explanatory,gpt-4o-mini,0.2,1,v1_concise,2026-02-06T15:03:11.484082+00:00,1.306908130645752,91,91,14,3,5.571428571428571,0,0,0,0,0,1
run_20260206_150046,SQUAD_073,squad_v1,explanatory,gpt-4o-mini,0.2,1,v1_concise,2026-02-06T15:03:13.328471+00:00,1.6610088348388672,203,203,30,2,5.8,0,0,1,0,0,0
run_20260206_150046,SQUAD_074,squad_v1,explanatory,gpt-4o-mini,0.2,1,v1_concise,2026-02-06T15:03:15.682845+00:00,1.3963229656219482,245,245,33,2,6.454545454545454,0,0,0,0,0,0
run_20260206_150046,SQUAD_075,squad_v1,explanatory,gpt-4o-mini,0.2,1,v1_concise,2026-02-06T15:03:17.418409+00:00,1.345663070678711,126,126,20,1,5.35,0,0,1,0,0,0
run_20260206_150046,SQUAD_076,squad_v1,explanatory,gpt-4o-mini,0.2,1,v1_concise,2026-02-06T15:03:19.368328+00:00,1.0764410495758057,73,73,14,2,4.285714285714286,0,0,0,0,0,0
run_20260206_150046,SQUAD_077,squad_v1,explanatory,gpt-4o-mini,0.2,1,v1_concise,2026-02-06T15:03:21.100006+00:00,1.4435741901397705,83,83,11,1,6.636363636363637,0,0,0,0,0,1
run_20260206_150046,SQUAD_078,squad_v1,explanatory,gpt-4o-mini,0.2,1,v1_concise,2026-02-06T15:03:23.468010+00:00,1.4881839752197266,265,265,42,2,5.333333333333333,0,0,1,0,0,0
run_20260206_150046,SQUAD_079,squad_v1,explanatory,gpt-4o-mini,0.2,1,v1_concise,2026-02-06T15:03:25.512819+00:00,1.6365599632263184,264,264,38,1,5.973684210526316,0,0,0,0,0,0
run_20260206_150046,SQUAD_080,squad_v1,explanatory,gpt-4o-mini,0.2,1,v1_concise,2026-02-06T15:03:27.661301+00:00,1.0710396766662598,70,70,9,1,6.888888888888889,0,0,0,0,0,0
run_20260206_150046,SQUAD_081,squad_v1,explanatory,gpt-4o-mini,0.2,1,v1_concise,2026-02-06T15:03:29.096089+00:00,1.2955365180969238,312,312,46,2,5.804347826086956,0,0,0,0,0,0
run_20260206_150046,SQUAD_082,squad_v1,explanatory,gpt-4o-mini,0.2,1,v1_concise,2026-02-06T15:03:31.321366+00:00,1.4588923454284668,71,71,14,1,4.142857142857143,0,0,0,0,0,1
run_20260206_150046,SQUAD_083,squad_v1,explanatory,gpt-4o-mini,0.2,1,v1_concise,2026-02-06T15:03:33.485133+00:00,1.3761563301086426,105,105,16,1,5.625,0,0,0,0,0,0
run_20260206_150046,SQUAD_084,squad_v1,explanatory,gpt-4o-mini,0.2,1,v1_concise,2026-02-06T15:03:35.402649+00:00,1.1611850261688232,140,140,24,2,4.875,0,0,0,0,0,1
run_20260206_150046,SQUAD_085,squad_v1,explanatory,gpt-4o-mini,0.2,1,v1_concise,2026-02-06T15:03:37.188451+00:00,1.6638102531433103,216,216,32,2,5.78125,0,0,0,0,0,0
run_20260206_150046,SQUAD_086,squad_v1,explanatory,gpt-4o-mini,0.2,1,v1_concise,2026-02-06T15:03:39.691813+00:00,1.5579512119293213,273,273,38,1,6.2105263157894735,0,0,0,0,0,0
run_20260206_150046,SQUAD_087,squad_v1,explanatory,gpt-4o-mini,0.2,1,v1_concise,2026-02-06T15:03:41.589040+00:00,0.9917886257171632,75,75,12,2,5.333333333333333,0,0,0,0,0,1
run_20260206_150046,SQUAD_088,squad_v1,explanatory,gpt-4o-mini,0.2,1,v1_concise,2026-02-06T15:03:43.024136+00:00,1.1445910930633545,90,90,17,1,4.352941176470588,0,0,1,0,0,0
run_20260206_150046,SQUAD_089,squad_v1,explanatory,gpt-4o-mini,0.2,1,v1_concise,2026-02-06T15:03:45.207990+00:00,1.802412509918213,240,240,36,2,5.694444444444445,0,0,0,0,0,0
run_20260206_150046,SQUAD_090,squad_v1,explanatory,gpt-4o-mini,0.2,1,v1_concise,2026-02-06T15:03:47.835508+00:00,1.237480640411377,223,223,27,1,7.296296296296297,0,0,0,0,0,0
run_20260206_150046,SQUAD_091,squad_v1,explanatory,gpt-4o-mini,0.2,1,v1_concise,2026-02-06T15:03:49.272280+00:00,1.4879846572875977,206,206,34,3,5.0588235294117645,0,0,0,0,0,0
run_20260206_150046,SQUAD_092,squad_v1,explanatory,gpt-4o-mini,0.2,1,v1_concise,2026-02-06T15:03:51.522041+00:00,1.4349744319915771,76,76,13,1,4.923076923076923,0,0,0,0,0,1
run_20260206_150046,SQUAD_093,squad_v1,explanatory,gpt-4o-mini,0.2,1,v1_concise,2026-02-06T15:03:53.469743+00:00,1.3782672882080078,236,236,36,2,5.583333333333333,0,0,0,0,0,1
run_20260206_150046,SQUAD_094,squad_v1,explanatory,gpt-4o-mini,0.2,1,v1_concise,2026-02-06T15:03:55.413276+00:00,1.3266658782958984,116,116,20,1,4.85,0,0,0,0,0,0
run_20260206_150046,SQUAD_095,squad_v1,explanatory,gpt-4o-mini,0.2,1,v1_concise,2026-02-06T15:03:57.362292+00:00,1.3740234375,293,293,45,2,5.533333333333333,0,0,1,0,0,0
run_20260206_150046,SQUAD_096,squad_v1,explanatory,gpt-4o-mini,0.2,1,v1_concise,2026-02-06T15:03:59.410221+00:00,1.2275738716125488,126,126,18,1,6.055555555555555,0,0,0,0,0,0
run_20260206_150046,SQUAD_097,squad_v1,explanatory,gpt-4o-mini,0.2,1,v1_concise,2026-02-06T15:04:01.264340+00:00,1.366673231124878,108,108,17,1,5.411764705882353,0,0,0,0,0,0
run_20260206_150046,SQUAD_098,squad_v1,explanatory,gpt-4o-mini,0.2,1,v1_concise,2026-02-06T15:04:03.403713+00:00,1.8219108581542969,195,195,28,2,6.0,0,0,0,0,1,0
run_20260206_150046,SQUAD_099,squad_v1,explanatory,gpt-4o-mini,0.2,1,v1_concise,2026-02-06T15:04:05.859788+00:00,1.8705286979675293,257,257,40,2,5.45,0,0,0,0,1,0
run_20260206_150046,SQUAD_100,squad_v1,explanatory,gpt-4o-mini,0.2,1,v1_concise,2026-02-06T15:04:07.908328+00:00,1.405191421508789,211,211,33,2,5.424242424242424,0,0,0,0,0,0
run_20260206_150046,SQUAD_101,squad_v1,explanatory,gpt-4o-mini,0.2,1,v1_concise,2026-02-06T15:04:09.465193+00:00,0.9407942295074464,78,78,11,1,6.181818181818182,0,0,0,0,0,0
run_20260206_150046,SQUAD_102,squad_v1,explanatory,gpt-4o-mini,0.2,1,v1_concise,2026-02-06T15:04:10.979361+00:00,1.6019344329833984,303,303,40,2,6.6,0,0,0,0,0,0
run_20260206_150046,SQUAD_103,squad_v1,explanatory,gpt-4o-mini,0.2,1,v1_concise,2026-02-06T15:04:13.641330+00:00,0.7302312850952148,43,43,8,1,4.5,0,0,1,0,0,0
run_20260206_150046,SQUAD_104,squad_v1,explanatory,gpt-4o-mini,0.2,1,v1_concise,2026-02-06T15:04:14.770139+00:00,1.1684746742248535,90,90,13,1,6.0,0,0,0,0,0,0
run_20260206_150046,SQUAD_105,squad_v1,explanatory,gpt-4o-mini,0.2,1,v1_concise,2026-02-06T15:04:17.209536+00:00,1.026453971862793,65,65,11,1,5.0,0,0,0,0,0,0
run_20260206_150046,SQUAD_106,squad_v1,explanatory,gpt-4o-mini,0.2,1,v1_concise,2026-02-06T15:04:19.066882+00:00,1.380523443222046,165,165,30,1,4.533333333333333,0,0,0,0,0,1
run_20260206_150046,SQUAD_107,squad_v1,explanatory,gpt-4o-mini,0.2,1,v1_concise,2026-02-06T15:04:21.421912+00:00,0.9186601638793944,53,53,9,1,5.0,0,0,0,0,0,0
run_20260206_150046,SQUAD_108,squad_v1,explanatory,gpt-4o-mini,0.2,1,v1_concise,2026-02-06T15:04:22.960725+00:00,0.9661681652069092,76,76,13,1,4.923076923076923,0,0,0,0,0,0
run_20260206_150046,SQUAD_109,squad_v1,explanatory,gpt-4o-mini,0.2,1,v1_concise,2026-02-06T15:04:25.008388+00:00,0.9637444019317628,71,71,12,1,5.0,0,0,1,0,0,1
run_20260206_150046,SQUAD_110,squad_v1,explanatory,gpt-4o-mini,0.2,1,v1_concise,2026-02-06T15:04:27.006780+00:00,1.060199737548828,98,98,16,1,5.1875,0,0,1,0,0,0
run_20260206_150046,SQUAD_111,squad_v1,explanatory,gpt-4o-mini,0.2,1,v1_concise,2026-02-06T15:04:29.104908+00:00,0.9461727142333984,95,95,15,1,5.4,0,0,0,0,0,1
run_20260206_150046,SQUAD_112,squad_v1,explanatory,gpt-4o-mini,0.2,1,v1_concise,2026-02-06T15:04:30.991390+00:00,1.3595783710479736,280,280,43,2,5.534883720930233,0,0,0,0,0,0
run_20260206_150046,SQUAD_113,squad_v1,explanatory,gpt-4o-mini,0.2,1,v1_concise,2026-02-06T15:04:33.404573+00:00,1.302659273147583,268,268,34,2,6.911764705882353,0,0,0,0,0,0
run_20260206_150046,SQUAD_114,squad_v1,explanatory,gpt-4o-mini,0.2,1,v1_concise,2026-02-06T15:04:35.349074+00:00,0.9423160552978516,81,81,12,1,5.833333333333333,0,0,0,0,0,0
run_20260206_150046,SQUAD_115,squad_v1,explanatory,gpt-4o-mini,0.2,1,v1_concise,2026-02-06T15:04:36.988977+00:00,1.7107455730438232,112,112,19,1,4.947368421052632,0,0,0,0,0,0
run_20260206_150046,SQUAD_116,squad_v1,explanatory,gpt-4o-mini,0.2,1,v1_concise,2026-02-06T15:04:39.758845+00:00,1.2421221733093262,132,132,18,1,6.388888888888889,0,0,0,0,0,1
run_20260206_150046,SQUAD_117,squad_v1,explanatory,gpt-4o-mini,0.2,1,v1_concise,2026-02-06T15:04:41.289715+00:00,1.0856125354766846,160,160,21,2,6.666666666666667,0,0,1,0,0,0
run_20260206_150046,SQUAD_118,squad_v1,explanatory,gpt-4o-mini,0.2,1,v1_concise,2026-02-06T15:04:43.133136+00:00,1.1328790187835691,149,149,23,1,5.521739130434782,0,0,0,0,0,0
run_20260206_150046,SQUAD_119,squad_v1,explanatory,gpt-4o-mini,0.2,1,v1_concise,2026-02-06T15:04:45.181131+00:00,0.9749264717102052,98,98,16,1,5.1875,0,0,1,0,0,0
run_20260206_150046,SQUAD_120,squad_v1,explanatory,gpt-4o-mini,0.2,1,v1_concise,2026-02-06T15:04:47.023436+00:00,1.1266932487487793,133,133,22,1,5.090909090909091,0,0,0,0,0,0
run_20260206_150046,SQUAD_121,squad_v1,ambiguous,gpt-4o-mini,0.2,1,v1_concise,2026-02-06T15:04:49.176202+00:00,1.4805302619934082,199,199,29,1,5.896551724137931,0,0,0,0,0,0
run_20260206_150046,SQUAD_122,squad_v1,ambiguous,gpt-4o-mini,0.2,1,v1_concise,2026-02-06T15:04:51.529690+00:00,1.735806226730347,254,254,33,1,6.7272727272727275,0,0,0,0,0,0
run_20260206_150046,SQUAD_123,squad_v1,ambiguous,gpt-4o-mini,0.2,1,v1_concise,2026-02-06T15:04:53.786804+00:00,0.8890841007232666,76,76,12,1,5.416666666666667,0,0,0,0,0,0
run_20260206_150046,SQUAD_124,squad_v1,ambiguous,gpt-4o-mini,0.2,1,v1_concise,2026-02-06T15:04:54.939409+00:00,1.2159254550933838,101,101,16,1,5.375,1,0,0,0,0,0
run_20260206_150046,SQUAD_125,squad_v1,ambiguous,gpt-4o-mini,0.2,1,v1_concise,2026-02-06T15:04:57.266836+00:00,1.467392921447754,207,207,30,2,5.933333333333334,0,0,0,0,0,0
run_20260206_150046,SQUAD_126,squad_v1,ambiguous,gpt-4o-mini,0.2,1,v1_concise,2026-02-06T15:04:59.519761+00:00,1.5134663581848145,222,222,29,1,6.689655172413793,0,0,0,0,0,0
run_20260206_150046,SQUAD_127,squad_v1,ambiguous,gpt-4o-mini,0.2,1,v1_concise,2026-02-06T15:05:01.566882+00:00,1.865058422088623,261,261,38,2,5.894736842105263,0,0,0,0,0,0
run_20260206_150046,SQUAD_128,squad_v1,ambiguous,gpt-4o-mini,0.2,1,v1_concise,2026-02-06T15:05:03.918798+00:00,1.0254969596862793,56,56,10,1,4.7,0,0,1,0,0,0
run_20260206_150046,SQUAD_129,squad_v1,ambiguous,gpt-4o-mini,0.2,1,v1_concise,2026-02-06T15:05:05.080034+00:00,1.348055124282837,197,197,27,1,6.333333333333333,0,0,0,0,0,0
run_20260206_150046,SQUAD_130,squad_v1,ambiguous,gpt-4o-mini,0.2,1,v1_concise,2026-02-06T15:05:07.404611+00:00,0.984703779220581,98,98,15,1,5.6,1,0,1,0,0,0
run_20260206_150046,SQUAD_131,squad_v1,ambiguous,gpt-4o-mini,0.2,1,v1_concise,2026-02-06T15:05:09.041686+00:00,1.1032280921936035,114,114,19,2,5.052631578947368,0,0,0,0,0,0
run_20260206_150046,SQUAD_132,squad_v1,ambiguous,gpt-4o-mini,0.2,1,v1_concise,2026-02-06T15:05:11.159979+00:00,1.079331398010254,105,105,16,1,5.625,0,0,0,0,0,0
run_20260206_150046,SQUAD_133,squad_v1,ambiguous,gpt-4o-mini,0.2,1,v1_concise,2026-02-06T15:05:13.137028+00:00,1.438511848449707,195,195,28,2,6.0,0,0,0,0,0,0
run_20260206_150046,SQUAD_134,squad_v1,ambiguous,gpt-4o-mini,0.2,1,v1_concise,2026-02-06T15:05:15.497237+00:00,1.274075984954834,78,78,14,1,4.642857142857143,0,0,0,0,0,1
run_20260206_150046,SQUAD_135,squad_v1,ambiguous,gpt-4o-mini,0.2,1,v1_concise,2026-02-06T15:05:17.332919+00:00,1.227980136871338,64,64,10,1,5.5,0,0,1,0,0,0
run_20260206_150046,SQUAD_136,squad_v1,ambiguous,gpt-4o-mini,0.2,1,v1_concise,2026-02-06T15:05:19.288251+00:00,1.1679792404174805,114,114,18,1,5.388888888888889,0,0,1,0,0,1
run_20260206_150046,SQUAD_137,squad_v1,ambiguous,gpt-4o-mini,0.2,1,v1_concise,2026-02-06T15:05:21.227693+00:00,1.0097131729125977,78,78,14,1,4.642857142857143,0,0,0,0,0,0
run_20260206_150046,SQUAD_138,squad_v1,ambiguous,gpt-4o-mini,0.2,1,v1_concise,2026-02-06T15:05:23.070074+00:00,1.0570988655090332,148,148,22,3,5.7727272727272725,0,0,1,0,0,1
run_20260206_150046,SQUAD_139,squad_v1,ambiguous,gpt-4o-mini,0.2,1,v1_concise,2026-02-06T15:05:25.118798+00:00,0.8010203838348389,38,38,7,1,4.571428571428571,0,0,0,0,0,0
run_20260206_150046,SQUAD_140,squad_v1,ambiguous,gpt-4o-mini,0.2,1,v1_concise,2026-02-06T15:05:26.862751+00:00,1.9728734493255613,267,267,42,2,5.380952380952381,0,0,0,0,0,0
run_20260206_150046,SQUAD_141,squad_v1,ambiguous,gpt-4o-mini,0.2,1,v1_concise,2026-02-06T15:05:30.035399+00:00,1.198786735534668,223,223,37,2,5.054054054054054,0,0,0,0,0,0
run_20260206_150046,SQUAD_142,squad_v1,ambiguous,gpt-4o-mini,0.2,1,v1_concise,2026-02-06T15:05:31.263090+00:00,0.7348082065582275,33,33,6,1,4.666666666666667,0,0,0,0,0,1
run_20260206_150046,SQUAD_143,squad_v1,ambiguous,gpt-4o-mini,0.2,1,v1_concise,2026-02-06T15:05:32.799440+00:00,0.8839778900146484,79,79,12,1,5.666666666666667,0,0,1,0,0,0
run_20260206_150046,SQUAD_144,squad_v1,ambiguous,gpt-4o-mini,0.2,1,v1_concise,2026-02-06T15:05:34.948820+00:00,1.444739818572998,102,102,16,1,5.4375,0,0,0,0,0,0
run_20260206_150046,SQUAD_145,squad_v1,ambiguous,gpt-4o-mini,0.2,1,v1_concise,2026-02-06T15:05:37.510322+00:00,0.8758664131164551,71,71,12,1,5.0,0,0,1,0,0,0
run_20260206_150046,SQUAD_146,squad_v1,ambiguous,gpt-4o-mini,0.2,1,v1_concise,2026-02-06T15:05:38.942915+00:00,1.1280875205993652,67,67,11,1,5.181818181818182,0,0,1,0,0,0
run_20260206_150046,SQUAD_147,squad_v1,ambiguous,gpt-4o-mini,0.2,1,v1_concise,2026-02-06T15:05:41.194240+00:00,1.3827614784240725,201,201,30,1,5.733333333333333,0,0,1,0,0,0
run_20260206_150046,SQUAD_148,squad_v1,ambiguous,gpt-4o-mini,0.2,1,v1_concise,2026-02-06T15:05:43.450392+00:00,1.2231667041778564,167,167,26,1,5.461538461538462,0,0,1,0,0,0
run_20260206_150046,SQUAD_149,squad_v1,ambiguous,gpt-4o-mini,0.2,1,v1_concise,2026-02-06T15:05:45.290070+00:00,1.1702330112457275,93,93,17,1,4.529411764705882,0,0,0,0,0,0
run_20260206_150046,SQUAD_150,squad_v1,ambiguous,gpt-4o-mini,0.2,1,v1_concise,2026-02-06T15:05:47.237848+00:00,1.5224592685699463,196,196,27,1,6.296296296296297,0,0,1,0,0,0
run_20260206_150046,NQ_001,natural_questions,factual,gpt-4o-mini,0.2,1,v1_concise,2026-02-06T15:05:49.591825+00:00,0.8527460098266602,54,54,10,1,4.5,0,0,1,0,0,1
run_20260206_150046,NQ_002,natural_questions,factual,gpt-4o-mini,0.2,1,v1_concise,2026-02-06T15:05:50.922025+00:00,1.2097229957580566,124,124,17,1,6.352941176470588,0,0,0,0,0,0
run_20260206_150046,NQ_003,natural_questions,factual,gpt-4o-mini,0.2,1,v1_concise,2026-02-06T15:05:53.280980+00:00,1.1572670936584473,87,87,17,1,4.176470588235294,0,0,1,0,0,0
run_20260206_150046,NQ_004,natural_questions,factual,gpt-4o-mini,0.2,1,v1_concise,2026-02-06T15:05:55.227635+00:00,1.507028579711914,178,178,30,1,4.966666666666667,0,0,0,0,0,0
run_20260206_150046,NQ_005,natural_questions,factual,gpt-4o-mini,0.2,1,v1_concise,2026-02-06T15:05:57.578893+00:00,1.042057991027832,60,60,10,1,5.1,0,0,0,0,0,1
run_20260206_150046,NQ_006,natural_questions,factual,gpt-4o-mini,0.2,1,v1_concise,2026-02-06T15:05:59.113046+00:00,1.5057423114776611,210,210,32,1,5.59375,0,0,1,0,0,0
run_20260206_150046,NQ_007,natural_questions,factual,gpt-4o-mini,0.2,1,v1_concise,2026-02-06T15:06:01.578618+00:00,1.1489288806915283,114,114,20,1,4.75,0,0,0,0,0,0
run_20260206_150046,NQ_008,natural_questions,factual,gpt-4o-mini,0.2,1,v1_concise,2026-02-06T15:06:03.221357+00:00,1.1921141147613523,72,72,12,1,5.083333333333333,0,0,0,0,0,0
run_20260206_150046,NQ_009,natural_questions,factual,gpt-4o-mini,0.2,1,v1_concise,2026-02-06T15:06:05.265176+00:00,0.8262512683868408,52,52,11,1,3.8181818181818183,0,0,0,0,0,0
run_20260206_150046,NQ_010,natural_questions,factual,gpt-4o-mini,0.2,1,v1_concise,2026-02-06T15:06:06.900002+00:00,1.1808960437774658,159,159,30,1,4.333333333333333,0,0,0,0,0,0
run_20260206_150046,NQ_011,natural_questions,factual,gpt-4o-mini,0.2,1,v1_concise,2026-02-06T15:06:09.255691+00:00,1.4303946495056152,257,257,42,2,5.142857142857143,0,0,1,0,0,0
run_20260206_150046,NQ_012,natural_questions,factual,gpt-4o-mini,0.2,1,v1_concise,2026-02-06T15:06:11.505073+00:00,1.4769892692565918,163,163,24,2,5.833333333333333,0,0,0,0,0,0
run_20260206_150046,NQ_013,natural_questions,factual,gpt-4o-mini,0.2,1,v1_concise,2026-02-06T15:06:13.552013+00:00,1.1150643825531006,73,73,13,1,4.6923076923076925,0,0,1,0,0,0
run_20260206_150046,NQ_014,natural_questions,factual,gpt-4o-mini,0.2,1,v1_concise,2026-02-06T15:06:15.191947+00:00,1.4670345783233645,174,174,29,1,5.0344827586206895,0,0,1,0,0,0
run_20260206_150046,NQ_015,natural_questions,factual,gpt-4o-mini,0.2,1,v1_concise,2026-02-06T15:06:17.544944+00:00,0.9011275768280028,67,67,10,1,5.8,0,0,0,0,0,0
run_20260206_150046,NQ_016,natural_questions,factual,gpt-4o-mini,0.2,1,v1_concise,2026-02-06T15:06:18.979607+00:00,1.1522216796875,67,67,10,1,5.8,0,0,0,0,0,1
run_20260206_150046,NQ_017,natural_questions,factual,gpt-4o-mini,0.2,1,v1_concise,2026-02-06T15:06:21.231352+00:00,0.9026026725769044,105,105,16,1,5.625,0,0,0,0,0,0
run_20260206_150046,NQ_018,natural_questions,factual,gpt-4o-mini,0.2,1,v1_concise,2026-02-06T15:06:22.982701+00:00,1.0742733478546145,81,81,12,1,5.833333333333333,0,0,0,0,0,0
run_20260206_150046,NQ_019,natural_questions,factual,gpt-4o-mini,0.2,1,v1_concise,2026-02-06T15:06:25.154965+00:00,1.0937190055847168,122,122,21,1,4.857142857142857,0,0,1,0,0,1
run_20260206_150046,NQ_020,natural_questions,factual,gpt-4o-mini,0.2,1,v1_concise,2026-02-06T15:06:27.175031+00:00,1.139035701751709,133,133,23,1,4.826086956521739,0,0,1,0,0,0
run_20260206_150046,NQ_021,natural_questions,factual,gpt-4o-mini,0.2,1,v1_concise,2026-02-06T15:06:29.220414+00:00,1.2894556522369385,155,155,27,1,4.777777777777778,0,0,0,0,0,0
run_20260206_150046,NQ_022,natural_questions,factual,gpt-4o-mini,0.2,1,v1_concise,2026-02-06T15:06:31.371499+00:00,2.67081618309021,148,148,26,2,4.730769230769231,0,0,0,0,0,1
run_20260206_150046,NQ_023,natural_questions,factual,gpt-4o-mini,0.2,1,v1_concise,2026-02-06T15:06:34.752843+00:00,0.9184532165527344,50,50,10,1,4.1,0,0,1,0,0,0
run_20260206_150046,NQ_024,natural_questions,factual,gpt-4o-mini,0.2,1,v1_concise,2026-02-06T15:06:35.671986+00:00,1.382016658782959,110,110,20,1,4.55,0,0,1,0,0,0
run_20260206_150046,NQ_025,natural_questions,factual,gpt-4o-mini,0.2,1,v1_concise,2026-02-06T15:06:38.136544+00:00,1.1190557479858398,150,150,26,1,4.8076923076923075,0,0,1,0,1,0
run_20260206_150046,NQ_026,natural_questions,factual,gpt-4o-mini,0.2,1,v1_concise,2026-02-06T15:06:39.873603+00:00,2.9043664932250977,268,268,42,2,5.404761904761905,0,0,0,0,0,0
run_20260206_150046,NQ_027,natural_questions,factual,gpt-4o-mini,0.2,1,v1_concise,2026-02-06T15:06:43.659810+00:00,1.1271655559539795,190,190,21,1,8.095238095238095,0,0,0,0,0,0
run_20260206_150046,NQ_028,natural_questions,factual,gpt-4o-mini,0.2,1,v1_concise,2026-02-06T15:06:44.787908+00:00,1.0721192359924316,100,100,15,1,5.733333333333333,0,0,0,0,0,1
run_20260206_150046,NQ_029,natural_questions,factual,gpt-4o-mini,0.2,1,v1_concise,2026-02-06T15:06:46.733529+00:00,2.039581775665283,191,191,35,1,4.485714285714286,0,0,0,0,0,0
run_20260206_150046,NQ_030,natural_questions,factual,gpt-4o-mini,0.2,1,v1_concise,2026-02-06T15:06:49.701832+00:00,1.0191116333007812,88,88,15,1,4.933333333333334,0,0,1,0,0,1
run_20260206_150046,NQ_031,natural_questions,factual,gpt-4o-mini,0.2,1,v1_concise,2026-02-06T15:06:50.721613+00:00,0.9769723415374756,74,74,14,1,4.357142857142857,0,0,1,0,0,1
run_20260206_150046,NQ_032,natural_questions,factual,gpt-4o-mini,0.2,1,v1_concise,2026-02-06T15:06:52.679732+00:00,1.1149704456329346,138,138,25,2,4.56,0,0,0,0,0,0
run_20260206_150046,NQ_033,natural_questions,factual,gpt-4o-mini,0.2,1,v1_concise,2026-02-06T15:06:54.818388+00:00,1.373814582824707,135,135,21,1,5.476190476190476,0,0,1,0,0,0
run_20260206_150046,NQ_034,natural_questions,factual,gpt-4o-mini,0.2,1,v1_concise,2026-02-06T15:06:57.077690+00:00,1.421764850616455,123,123,22,1,4.636363636363637,0,0,0,0,0,0
run_20260206_150046,NQ_035,natural_questions,factual,gpt-4o-mini,0.2,1,v1_concise,2026-02-06T15:06:59.126393+00:00,1.0541479587554932,90,90,17,1,4.352941176470588,0,0,1,0,0,1
run_20260206_150046,NQ_036,natural_questions,factual,gpt-4o-mini,0.2,1,v1_concise,2026-02-06T15:07:00.758818+00:00,1.202751636505127,89,89,15,1,5.0,0,0,1,0,0,0
run_20260206_150046,NQ_037,natural_questions,factual,gpt-4o-mini,0.2,1,v1_concise,2026-02-06T15:07:02.907947+00:00,1.1618444919586182,152,152,24,1,5.375,0,0,1,0,0,0
run_20260206_150046,NQ_038,natural_questions,factual,gpt-4o-mini,0.2,1,v1_concise,2026-02-06T15:07:04.868238+00:00,1.3009746074676514,58,58,11,1,4.363636363636363,0,0,0,0,0,1
run_20260206_150046,NQ_039,natural_questions,factual,gpt-4o-mini,0.2,1,v1_concise,2026-02-06T15:07:07.008103+00:00,1.144160509109497,140,140,24,1,4.875,0,0,0,0,0,0
run_20260206_150046,NQ_040,natural_questions,factual,gpt-4o-mini,0.2,1,v1_concise,2026-02-06T15:07:08.851659+00:00,0.790686845779419,53,53,9,1,5.0,0,0,0,0,0,0
run_20260206_150046,NQ_041,natural_questions,factual,gpt-4o-mini,0.2,1,v1_concise,2026-02-06T15:07:10.497616+00:00,1.3017020225524902,97,97,14,1,6.0,0,0,0,0,0,1
run_20260206_150046,NQ_042,natural_questions,factual,gpt-4o-mini,0.2,1,v1_concise,2026-02-06T15:07:13.009621+00:00,1.2867991924285889,160,160,24,2,5.708333333333333,0,0,1,0,0,1
run_20260206_150046,NQ_043,natural_questions,factual,gpt-4o-mini,0.2,1,v1_concise,2026-02-06T15:07:14.995528+00:00,1.23136568069458,120,120,20,1,5.05,0,0,0,0,0,1
run_20260206_150046,NQ_044,natural_questions,factual,gpt-4o-mini,0.2,1,v1_concise,2026-02-06T15:07:16.939614+00:00,0.9723753929138184,53,53,9,1,5.0,0,0,0,0,0,0
run_20260206_150046,NQ_045,natural_questions,factual,gpt-4o-mini,0.2,1,v1_concise,2026-02-06T15:07:18.681959+00:00,1.5317115783691406,136,136,25,1,4.48,0,0,1,0,0,0
run_20260206_150046,NQ_046,natural_questions,factual,gpt-4o-mini,0.2,1,v1_concise,2026-02-06T15:07:21.241075+00:00,1.271137237548828,79,79,16,1,4.0,0,0,0,0,0,1
run_20260206_150046,NQ_047,natural_questions,factual,gpt-4o-mini,0.2,1,v1_concise,2026-02-06T15:07:22.981048+00:00,1.0113871097564695,114,114,20,1,4.75,0,0,1,0,0,1
run_20260206_150046,NQ_048,natural_questions,factual,gpt-4o-mini,0.2,1,v1_concise,2026-02-06T15:07:24.721468+00:00,1.2661736011505127,68,68,12,3,4.75,0,0,1,0,0,0
run_20260206_150046,NQ_049,natural_questions,factual,gpt-4o-mini,0.2,1,v1_concise,2026-02-06T15:07:26.977584+00:00,1.7257091999053955,185,185,32,4,4.8125,0,0,0,0,0,1
run_20260206_150046,NQ_050,natural_questions,factual,gpt-4o-mini,0.2,1,v1_concise,2026-02-06T15:07:29.438616+00:00,1.15238618850708,108,108,16,1,5.8125,0,0,1,0,0,0
run_20260206_150046,NQ_051,natural_questions,factual,gpt-4o-mini,0.2,1,v1_concise,2026-02-06T15:07:30.866734+00:00,1.201190948486328,152,152,25,1,5.12,0,0,0,0,0,0
run_20260206_150046,NQ_052,natural_questions,factual,gpt-4o-mini,0.2,1,v1_concise,2026-02-06T15:07:32.916141+00:00,1.3512177467346191,65,65,12,1,4.5,0,0,0,0,0,0
run_20260206_150046,NQ_053,natural_questions,factual,gpt-4o-mini,0.2,1,v1_concise,2026-02-06T15:07:35.065963+00:00,1.1928062438964844,90,90,17,2,4.352941176470588,0,0,0,0,0,0
run_20260206_150046,NQ_054,natural_questions,factual,gpt-4o-mini,0.2,1,v1_concise,2026-02-06T15:07:36.908501+00:00,0.942335605621338,78,78,13,1,5.076923076923077,0,0,1,0,0,0
run_20260206_150046,NQ_055,natural_questions,factual,gpt-4o-mini,0.2,1,v1_concise,2026-02-06T15:07:38.661029+00:00,1.598361253738403,169,169,29,6,4.862068965517241,0,0,0,0,0,1
run_20260206_150046,NQ_056,natural_questions,factual,gpt-4o-mini,0.2,1,v1_concise,2026-02-06T15:07:41.313840+00:00,1.1312079429626465,64,64,10,1,5.5,0,0,0,0,0,0
run_20260206_150046,NQ_057,natural_questions,factual,gpt-4o-mini,0.2,1,v1_concise,2026-02-06T15:07:42.847946+00:00,1.0768344402313232,72,72,13,1,4.615384615384615,0,0,0,0,0,0
run_20260206_150046,NQ_058,natural_questions,factual,gpt-4o-mini,0.2,1,v1_concise,2026-02-06T15:07:44.793917+00:00,1.3286068439483645,242,242,35,1,5.942857142857143,0,0,1,0,0,1
run_20260206_150046,NQ_059,natural_questions,factual,gpt-4o-mini,0.2,1,v1_concise,2026-02-06T15:07:47.045913+00:00,1.4808945655822754,120,120,22,2,4.5,0,0,1,0,0,0
run_20260206_150046,NQ_060,natural_questions,factual,gpt-4o-mini,0.2,1,v1_concise,2026-02-06T15:07:49.199884+00:00,1.6334660053253174,243,243,38,2,5.421052631578948,0,0,0,0,0,0
run_20260206_150046,NQ_061,natural_questions,factual,gpt-4o-mini,0.2,1,v1_concise,2026-02-06T15:07:51.352732+00:00,0.7674252986907959,50,50,9,1,4.666666666666667,0,0,1,0,0,0
run_20260206_150046,NQ_062,natural_questions,factual,gpt-4o-mini,0.2,1,v1_concise,2026-02-06T15:07:52.487414+00:00,0.9044532775878906,54,54,9,1,5.111111111111111,0,0,0,0,0,1
run_20260206_150046,NQ_063,natural_questions,factual,gpt-4o-mini,0.2,1,v1_concise,2026-02-06T15:07:54.624280+00:00,1.773235559463501,158,158,29,1,4.482758620689655,0,0,0,0,0,1
run_20260206_150046,NQ_064,natural_questions,factual,gpt-4o-mini,0.2,1,v1_concise,2026-02-06T15:07:57.493615+00:00,0.9984230995178224,56,56,10,1,4.7,0,0,1,0,0,1
run_20260206_150046,NQ_065,natural_questions,factual,gpt-4o-mini,0.2,1,v1_concise,2026-02-06T15:07:58.719082+00:00,1.0470600128173828,96,96,16,1,5.0625,0,0,1,0,0,1
run_20260206_150046,NQ_066,natural_questions,factual,gpt-4o-mini,0.2,1,v1_concise,2026-02-06T15:08:00.769230+00:00,1.0934815406799316,68,68,13,1,4.3076923076923075,0,0,0,0,0,0
run_20260206_150046,NQ_067,natural_questions,factual,gpt-4o-mini,0.2,1,v1_concise,2026-02-06T15:08:02.815321+00:00,1.0404784679412842,85,85,16,1,4.375,0,0,0,0,0,0
run_20260206_150046,NQ_068,natural_questions,factual,gpt-4o-mini,0.2,1,v1_concise,2026-02-06T15:08:04.762431+00:00,1.4989206790924072,143,143,23,1,5.260869565217392,0,0,1,0,0,1
run_20260206_150046,NQ_069,natural_questions,factual,gpt-4o-mini,0.2,1,v1_concise,2026-02-06T15:08:07.221616+00:00,1.441023588180542,180,180,29,1,5.241379310344827,0,0,0,0,0,0
run_20260206_150046,NQ_070,natural_questions,factual,gpt-4o-mini,0.2,1,v1_concise,2026-02-06T15:08:09.163950+00:00,1.6877825260162354,182,182,29,2,5.310344827586207,0,0,1,0,0,0
run_20260206_150046,NQ_071,natural_questions,factual,gpt-4o-mini,0.2,1,v1_concise,2026-02-06T15:08:11.411384+00:00,1.2313411235809326,150,150,26,1,4.8076923076923075,0,0,0,0,0,0
run_20260206_150046,NQ_072,natural_questions,factual,gpt-4o-mini,0.2,1,v1_concise,2026-02-06T15:08:12.956739+00:00,1.687159299850464,279,279,36,2,6.777777777777778,0,0,0,0,0,0
run_20260206_150046,NQ_073,natural_questions,factual,gpt-4o-mini,0.2,1,v1_concise,2026-02-06T15:08:15.412588+00:00,1.3243067264556885,76,76,14,1,4.5,0,0,0,0,0,1
run_20260206_150046,NQ_074,natural_questions,factual,gpt-4o-mini,0.2,1,v1_concise,2026-02-06T15:08:17.049987+00:00,1.883122205734253,68,68,12,1,4.75,0,0,0,0,0,0
run_20260206_150046,NQ_075,natural_questions,factual,gpt-4o-mini,0.2,1,v1_concise,2026-02-06T15:08:19.609315+00:00,1.213756084442139,125,125,25,1,4.04,0,0,0,0,0,0
run_20260206_150046,NQ_076,natural_questions,factual,gpt-4o-mini,0.2,1,v1_concise,2026-02-06T15:08:20.941153+00:00,1.162250280380249,68,68,13,1,4.3076923076923075,0,0,1,0,0,0
run_20260206_150046,NQ_077,natural_questions,factual,gpt-4o-mini,0.2,1,v1_concise,2026-02-06T15:08:22.889022+00:00,3.677295923233032,108,108,18,1,5.055555555555555,0,0,1,0,0,0
run_20260206_150046,NQ_078,natural_questions,factual,gpt-4o-mini,0.2,1,v1_concise,2026-02-06T15:08:27.405174+00:00,1.4190757274627686,108,108,18,1,5.055555555555555,0,0,1,0,0,1
run_20260206_150046,NQ_079,natural_questions,factual,gpt-4o-mini,0.2,1,v1_concise,2026-02-06T15:08:28.826490+00:00,1.4676718711853027,98,98,17,1,4.823529411764706,0,0,0,0,0,1
run_20260206_150046,NQ_080,natural_questions,factual,gpt-4o-mini,0.2,1,v1_concise,2026-02-06T15:08:30.873752+00:00,1.110966444015503,60,60,12,1,4.083333333333333,0,0,0,0,0,1
run_20260206_150046,NQ_081,natural_questions,factual,gpt-4o-mini,0.2,1,v1_concise,2026-02-06T15:08:32.517122+00:00,1.0509281158447266,89,89,16,1,4.625,0,0,1,0,0,1
run_20260206_150046,NQ_082,natural_questions,factual,gpt-4o-mini,0.2,1,v1_concise,2026-02-06T15:08:34.458072+00:00,1.080674648284912,46,46,8,1,4.875,0,0,1,0,0,1
run_20260206_150046,NQ_083,natural_questions,factual,gpt-4o-mini,0.2,1,v1_concise,2026-02-06T15:08:36.488296+00:00,1.2473134994506836,103,103,17,1,5.117647058823529,0,0,0,0,0,1
run_20260206_150046,NQ_084,natural_questions,factual,gpt-4o-mini,0.2,1,v1_concise,2026-02-06T15:08:38.655530+00:00,0.9965646266937256,63,63,12,1,4.333333333333333,0,0,0,0,0,0
run_20260206_150046,NQ_085,natural_questions,factual,gpt-4o-mini,0.2,1,v1_concise,2026-02-06T15:08:40.405032+00:00,1.9561688899993896,271,271,45,2,5.044444444444444,0,0,1,0,0,0
run_20260206_150046,NQ_086,natural_questions,factual,gpt-4o-mini,0.2,1,v1_concise,2026-02-06T15:08:43.366848+00:00,1.0189387798309326,59,59,11,1,4.454545454545454,0,0,0,0,0,1
run_20260206_150046,NQ_087,natural_questions,factual,gpt-4o-mini,0.2,1,v1_concise,2026-02-06T15:08:44.429376+00:00,1.5409588813781738,215,215,36,2,5.0,0,0,1,0,0,0
run_20260206_150046,NQ_088,natural_questions,factual,gpt-4o-mini,0.2,1,v1_concise,2026-02-06T15:08:46.952254+00:00,1.2810232639312744,179,179,27,2,5.666666666666667,0,0,0,0,0,0
run_20260206_150046,NQ_089,natural_questions,factual,gpt-4o-mini,0.2,1,v1_concise,2026-02-06T15:08:48.694770+00:00,1.1031441688537598,37,37,6,1,5.333333333333333,0,0,0,0,0,0
run_20260206_150046,NQ_090,natural_questions,factual,gpt-4o-mini,0.2,1,v1_concise,2026-02-06T15:08:50.516493+00:00,2.0932228565216064,268,268,43,2,5.255813953488372,0,0,1,0,1,0
run_20260206_150046,NQ_091,natural_questions,factual,gpt-4o-mini,0.2,1,v1_concise,2026-02-06T15:08:53.506599+00:00,1.0211877822875977,56,56,12,2,3.75,0,0,0,0,0,0
run_20260206_150046,NQ_092,natural_questions,factual,gpt-4o-mini,0.2,1,v1_concise,2026-02-06T15:08:54.528322+00:00,1.6837339401245115,336,336,55,2,5.127272727272727,0,0,0,0,0,0
run_20260206_150046,NQ_093,natural_questions,factual,gpt-4o-mini,0.2,1,v1_concise,2026-02-06T15:08:57.192662+00:00,1.1173157691955566,99,99,18,1,4.555555555555555,0,0,1,0,0,1
run_20260206_150046,NQ_094,natural_questions,factual,gpt-4o-mini,0.2,1,v1_concise,2026-02-06T15:08:58.626024+00:00,0.9575753211975098,46,46,7,1,5.714285714285714,0,0,0,0,0,0
run_20260206_150046,NQ_095,natural_questions,factual,gpt-4o-mini,0.2,1,v1_concise,2026-02-06T15:09:00.468068+00:00,0.9019780158996582,85,85,14,1,5.142857142857143,0,0,1,0,0,1
run_20260206_150046,NQ_096,natural_questions,factual,gpt-4o-mini,0.2,1,v1_concise,2026-02-06T15:09:02.413125+00:00,2.1824657917022705,287,287,45,2,5.4,0,0,1,0,0,0
run_20260206_150046,NQ_097,natural_questions,factual,gpt-4o-mini,0.2,1,v1_concise,2026-02-06T15:09:05.693598+00:00,1.0724008083343506,149,149,25,1,5.0,0,0,0,0,0,1
run_20260206_150046,NQ_098,natural_questions,factual,gpt-4o-mini,0.2,1,v1_concise,2026-02-06T15:09:06.767517+00:00,2.777584314346313,257,257,44,2,4.863636363636363,0,0,1,0,0,1
run_20260206_150046,NQ_099,natural_questions,factual,gpt-4o-mini,0.2,1,v1_concise,2026-02-06T15:09:10.472424+00:00,1.1559534072875977,65,65,12,1,4.5,0,0,0,0,0,0
run_20260206_150046,NQ_100,natural_questions,factual,gpt-4o-mini,0.2,1,v1_concise,2026-02-06T15:09:11.628845+00:00,1.2042303085327148,169,169,26,1,5.538461538461538,0,0,1,0,0,0
run_20260206_150046,NQ_101,natural_questions,explanatory,gpt-4o-mini,0.2,1,v1_concise,2026-02-06T15:09:13.678117+00:00,0.8944728374481201,57,57,13,1,3.4615384615384617,0,0,0,0,0,0
run_20260206_150046,NQ_102,natural_questions,explanatory,gpt-4o-mini,0.2,1,v1_concise,2026-02-06T15:09:15.368806+00:00,1.811723709106445,115,115,20,1,4.8,0,0,0,0,0,1
run_20260206_150046,NQ_103,natural_questions,explanatory,gpt-4o-mini,0.2,1,v1_concise,2026-02-06T15:09:18.287223+00:00,1.5509092807769775,175,175,27,1,5.518518518518518,0,0,0,0,0,0
run_20260206_150046,NQ_104,natural_questions,explanatory,gpt-4o-mini,0.2,1,v1_concise,2026-02-06T15:09:20.026140+00:00,1.5988805294036863,133,133,20,1,5.7,0,0,0,0,0,0
run_20260206_150046,NQ_105,natural_questions,explanatory,gpt-4o-mini,0.2,1,v1_concise,2026-02-06T15:09:22.075773+00:00,1.512418508529663,246,246,41,2,5.024390243902439,0,0,0,0,0,0
run_20260206_150046,NQ_106,natural_questions,explanatory,gpt-4o-mini,0.2,1,v1_concise,2026-02-06T15:09:23.989237+00:00,1.4564769268035889,154,154,26,3,4.961538461538462,0,0,1,0,0,0
run_20260206_150046,NQ_107,natural_questions,explanatory,gpt-4o-mini,0.2,1,v1_concise,2026-02-06T15:09:25.933695+00:00,1.2347099781036377,158,158,32,2,3.96875,0,0,0,0,0,0
run_20260206_150046,NQ_108,natural_questions,explanatory,gpt-4o-mini,0.2,1,v1_concise,2026-02-06T15:09:27.713291+00:00,1.135185480117798,154,154,28,1,4.535714285714286,0,0,0,0,0,0
run_20260206_150046,NQ_109,natural_questions,explanatory,gpt-4o-mini,0.2,1,v1_concise,2026-02-06T15:09:29.613221+00:00,1.0151870250701904,58,58,10,1,4.9,0,0,1,0,0,0
run_20260206_150046,NQ_110,natural_questions,explanatory,gpt-4o-mini,0.2,1,v1_concise,2026-02-06T15:09:31.493675+00:00,1.4733445644378662,194,194,29,2,5.724137931034483,0,0,0,0,0,0
run_20260206_150046,NQ_111,natural_questions,explanatory,gpt-4o-mini,0.2,1,v1_concise,2026-02-06T15:09:33.952337+00:00,1.5207123756408691,198,198,33,2,5.03030303030303,0,0,0,0,0,1
run_20260206_150046,NQ_112,natural_questions,explanatory,gpt-4o-mini,0.2,1,v1_concise,2026-02-06T15:09:35.999993+00:00,0.9539501667022704,55,55,12,1,3.6666666666666665,0,0,0,0,0,0
run_20260206_150046,NQ_113,natural_questions,explanatory,gpt-4o-mini,0.2,1,v1_concise,2026-02-06T15:09:37.433778+00:00,1.9238665103912356,300,300,51,2,4.901960784313726,1,0,0,0,0,0
run_20260206_150046,NQ_114,natural_questions,explanatory,gpt-4o-mini,0.2,1,v1_concise,2026-02-06T15:09:40.404290+00:00,2.231244802474976,185,185,33,2,4.636363636363637,0,0,0,0,0,1
run_20260206_150046,NQ_115,natural_questions,explanatory,gpt-4o-mini,0.2,1,v1_concise,2026-02-06T15:09:42.712169+00:00,0.9677319526672364,48,48,9,1,4.333333333333333,0,0,0,0,0,0
run_20260206_150046,NQ_116,natural_questions,explanatory,gpt-4o-mini,0.2,1,v1_concise,2026-02-06T15:09:43.680538+00:00,1.117375373840332,66,66,9,1,6.444444444444445,0,0,0,0,0,0
run_20260206_150046,NQ_117,natural_questions,explanatory,gpt-4o-mini,0.2,1,v1_concise,2026-02-06T15:09:45.830521+00:00,1.4728333950042725,81,81,12,2,5.833333333333333,0,0,1,0,0,0
run_20260206_150046,NQ_118,natural_questions,explanatory,gpt-4o-mini,0.2,1,v1_concise,2026-02-06T15:09:48.186646+00:00,1.1596217155456543,66,66,10,1,5.7,0,0,0,0,0,0
run_20260206_150046,NQ_119,natural_questions,explanatory,gpt-4o-mini,0.2,1,v1_concise,2026-02-06T15:09:49.873726+00:00,1.3864030838012695,159,159,26,2,5.153846153846154,0,0,0,0,0,1
run_20260206_150046,NQ_120,natural_questions,explanatory,gpt-4o-mini,0.2,1,v1_concise,2026-02-06T15:09:52.102267+00:00,0.9224631786346436,83,83,14,1,5.0,0,0,1,0,0,0
run_20260206_150046,NQ_121,natural_questions,explanatory,gpt-4o-mini,0.2,1,v1_concise,2026-02-06T15:09:53.637643+00:00,0.9325311183929444,48,48,8,1,5.125,0,0,0,0,0,0
run_20260206_150046,NQ_122,natural_questions,explanatory,gpt-4o-mini,0.2,1,v1_concise,2026-02-06T15:09:55.648239+00:00,1.188099384307861,94,94,16,1,4.9375,0,0,0,0,0,0
run_20260206_150046,NQ_123,natural_questions,explanatory,gpt-4o-mini,0.2,1,v1_concise,2026-02-06T15:09:57.904098+00:00,0.8963513374328613,70,70,13,1,4.461538461538462,0,0,0,0,0,0
run_20260206_150046,NQ_124,natural_questions,explanatory,gpt-4o-mini,0.2,1,v1_concise,2026-02-06T15:09:59.612685+00:00,1.1955442428588867,62,62,12,1,4.25,0,0,0,0,0,0
run_20260206_150046,NQ_125,natural_questions,explanatory,gpt-4o-mini,0.2,1,v1_concise,2026-02-06T15:10:01.912489+00:00,1.2402918338775637,115,115,19,1,5.105263157894737,0,0,0,0,0,0
run_20260206_150046,NQ_126,natural_questions,explanatory,gpt-4o-mini,0.2,1,v1_concise,2026-02-06T15:10:03.958028+00:00,0.8068914413452148,40,40,7,1,4.857142857142857,0,0,0,0,0,0
run_20260206_150046,NQ_127,natural_questions,explanatory,gpt-4o-mini,0.2,1,v1_concise,2026-02-06T15:10:05.525200+00:00,2.0746378898620605,39,39,8,1,4.0,0,0,0,0,0,0
run_20260206_150046,NQ_128,natural_questions,explanatory,gpt-4o-mini,0.2,1,v1_concise,2026-02-06T15:10:08.792900+00:00,2.0220134258270264,297,297,49,2,5.081632653061225,0,0,0,0,0,0
run_20260206_150046,NQ_129,natural_questions,explanatory,gpt-4o-mini,0.2,1,v1_concise,2026-02-06T15:10:10.815648+00:00,1.8447740077972408,218,218,36,3,5.083333333333333,0,0,0,0,0,0
run_20260206_150046,NQ_130,natural_questions,explanatory,gpt-4o-mini,0.2,1,v1_concise,2026-02-06T15:10:12.661168+00:00,1.1720249652862549,119,119,17,1,6.0588235294117645,0,0,0,0,0,0
run_20260206_150046,NQ_131,natural_questions,explanatory,gpt-4o-mini,0.2,1,v1_concise,2026-02-06T15:10:13.989424+00:00,0.9099557399749756,50,50,9,1,4.666666666666667,0,0,0,0,0,0
run_20260206_150046,NQ_132,natural_questions,explanatory,gpt-4o-mini,0.2,1,v1_concise,2026-02-06T15:10:15.727604+00:00,1.0629737377166748,59,59,11,1,4.454545454545454,0,0,0,0,0,0
run_20260206_150046,NQ_133,natural_questions,explanatory,gpt-4o-mini,0.2,1,v1_concise,2026-02-06T15:10:17.880832+00:00,1.4190709590911863,74,74,14,1,4.357142857142857,0,0,0,0,0,0
run_20260206_150046,NQ_134,natural_questions,explanatory,gpt-4o-mini,0.2,1,v1_concise,2026-02-06T15:10:20.237313+00:00,0.9627077579498292,41,41,7,1,5.0,0,0,0,0,0,0
run_20260206_150046,NQ_135,natural_questions,explanatory,gpt-4o-mini,0.2,1,v1_concise,2026-02-06T15:10:21.781459+00:00,2.130843162536621,75,75,13,1,4.846153846153846,0,0,0,0,0,1
run_20260206_150046,NQ_136,natural_questions,explanatory,gpt-4o-mini,0.2,1,v1_concise,2026-02-06T15:10:24.950463+00:00,1.0208029747009275,85,85,15,1,4.733333333333333,0,0,0,0,0,1
run_20260206_150046,NQ_137,natural_questions,explanatory,gpt-4o-mini,0.2,1,v1_concise,2026-02-06T15:10:25.972070+00:00,1.2728219032287598,193,193,29,2,5.689655172413793,0,0,0,0,0,0
run_20260206_150046,NQ_138,natural_questions,explanatory,gpt-4o-mini,0.2,1,v1_concise,2026-02-06T15:10:28.224646+00:00,1.5245091915130615,243,243,37,2,5.594594594594595,0,0,0,0,0,1
run_20260206_150046,NQ_139,natural_questions,explanatory,gpt-4o-mini,0.2,1,v1_concise,2026-02-06T15:10:30.476398+00:00,2.05652117729187,371,371,54,2,5.888888888888889,0,0,0,0,0,0
run_20260206_150046,NQ_140,natural_questions,explanatory,gpt-4o-mini,0.2,1,v1_concise,2026-02-06T15:10:33.009479+00:00,1.8703923225402832,311,311,46,2,5.782608695652174,0,0,1,0,0,0
run_20260206_150046,NQ_141,natural_questions,explanatory,gpt-4o-mini,0.2,1,v1_concise,2026-02-06T15:10:34.880458+00:00,1.095667600631714,96,96,17,1,4.705882352941177,0,0,0,0,0,0
run_20260206_150046,NQ_142,natural_questions,explanatory,gpt-4o-mini,0.2,1,v1_concise,2026-02-06T15:10:36.105792+00:00,1.3507146835327148,107,107,18,1,5.0,0,0,0,0,0,0
run_20260206_150046,NQ_143,natural_questions,explanatory,gpt-4o-mini,0.2,1,v1_concise,2026-02-06T15:10:38.361442+00:00,3.03056263923645,299,299,44,2,5.818181818181818,0,0,0,0,0,0
run_20260206_150046,NQ_144,natural_questions,explanatory,gpt-4o-mini,0.2,1,v1_concise,2026-02-06T15:10:42.042296+00:00,1.4391417503356934,163,163,27,2,5.074074074074074,0,0,0,0,0,0
run_20260206_150046,NQ_145,natural_questions,explanatory,gpt-4o-mini,0.2,1,v1_concise,2026-02-06T15:10:43.482002+00:00,1.282569169998169,185,185,34,1,4.470588235294118,0,0,1,0,0,1
run_20260206_150046,NQ_146,natural_questions,explanatory,gpt-4o-mini,0.2,1,v1_concise,2026-02-06T15:10:45.325787+00:00,1.126396656036377,35,35,7,1,4.142857142857143,0,0,1,0,0,0
run_20260206_150046,NQ_147,natural_questions,explanatory,gpt-4o-mini,0.2,1,v1_concise,2026-02-06T15:10:47.169778+00:00,1.4828312397003174,107,107,17,1,5.352941176470588,0,0,0,0,0,0
run_20260206_150046,NQ_148,natural_questions,explanatory,gpt-4o-mini,0.2,1,v1_concise,2026-02-06T15:10:49.526850+00:00,1.0166175365447998,122,122,23,1,4.3478260869565215,0,0,0,0,0,0
run_20260206_150046,NQ_149,natural_questions,explanatory,gpt-4o-mini,0.2,1,v1_concise,2026-02-06T15:10:51.061654+00:00,1.7797987461090088,340,340,47,2,6.25531914893617,0,0,1,0,0,0
run_20260206_150046,NQ_150,natural_questions,explanatory,gpt-4o-mini,0.2,1,v1_concise,2026-02-06T15:10:53.825345+00:00,1.5213429927825928,200,200,40,2,4.025,0,0,0,0,0,0
